,name,write_date,review_text
0,이주원,2025년 10월 30일,실시간채팅상담과 고객센터 전화는 연결도안되는데 왜 있는지 의문입니다. 실시간채팅은 타어플과 다르게 상담사 연결도 안되고 전화는 매번 받는데 최소 6분이상입니다. 배민클럽이라고해서 우대받는것 또한 뭔지 모르겠네요 고객을위한 서비스와 질 향상이 되려면 고객센터 운영에 대해 많은 개선이 필요해 보이네요 배달 배차도 잘안되서 점심시간 지나서야 받고 몇입 못먹고 버려야하는 상황이 오니 기분이 썩 좋진 않네요 배민클럽은 아무래도 해지해야겠어요 ㅠ
1,삐삠,2025년 3월 9일,"음식배달 탭 대신 가게배달 탭을 쓰던 이유가 리뷰 볼 수 있고(가게의 위생, 맛, 양 등) 리뷰이벤트도 어느정도 참여할 수 있어서였는데 업데이트하고나선 두개의 차이점을 모를 정도로 불편해졌어요 리뷰탭도 겨우 찾았고 가게 공지라도 봐야 휴무, 재료수급을 알 수 있는데 그것도 보기 너무 불편해요 번거롭고 솔직히 처음엔 아예 없애버린 줄 알았습니다.. 옛날 구성이 더 좋았어요"
2,Hye ju Lee,2024년 12월 8일,찜목록 편집기능좀 넣어주세요 코로나기간에 찝한 200개 하나하나 들어가서 해제해야해서 30분째 지우는데 80개 겨우 지웠네요. 그중 3분의 1은 폐업하거나 배민에서 나간 업체인거 같은데 이런건 자동으로 지워줬으면하네요. 그리고 보통 집 직장등 장소가 여러개인경우가 있는데 찜 목록에서는 필터링 기능하나없이 그냥 통째로 있어서 뒤죽박죽 보기 힘들어요. 제2의 올영앱같은 느낌...너무 불편해요.
3,이은비,2026년 1월 14일,"배달의민족은 음식 주문할 때 가장 먼저 떠오르는 앱이에요. 가게 종류도 많고 검색이나 필터 기능이 잘 되어 있어서 원하는 메뉴를 빠르게 찾을 수 있어 편리합니다. 결제 과정도 간단하고 쿠폰이나 할인 이벤트가 자주 있어서 부담 없이 이용할 수 있는 점이 좋아요. 배달 현황이 실시간으로 표시돼서 기다리는 동안 불안하지 않고, 리뷰 시스템도 잘 되어 있어 가게 선택에 많은 도움이 됩니다. 가끔 배달이 늦어질 때도 있지만 전반적으로 서비스 품질이 안정적이고 고객센터 대응도 괜찮은 편이라 신뢰하고 계속 사용하고 있습니다. 앞으로도 지금처럼 편리하고 합리적인 서비스 유지해 주셨으면 좋겠습니다."
4,이상준,2026년 1월 20일,"많은 사람들이 이용하는만큼 질나쁜 배달기사를 확실히 걸러야된다고 생각합니다. 단순히 느리기만 한거라면 모를까 ""벨을 누르지 말라""라는 단순한 요청사항도 무시하는 배달기사들이 많은데, 혹시 글을 못읽는사람들도 배달 할 수 있게끔 하는게 아닌가라는 의문이 생깁니다."
5,박승우,2026년 1월 21일,주문 내역에서 검색할 때 천지인이 안 됩니다~ 버그 수정해주세요~ ㅏ는 되는데 ㅓ는 안 돼요~ 캐시 삭제나 데이터 삭제해도 동일하게 발생하네요 삼성 기본 키보드는 문제 없는데 네이버 스마트보드를 기본 키보드로 하면 이슈 발생합니다
6,오정원,2026년 1월 15일,배민 정말 좋은데요. 한집배달하면 배달라이더분들 중에 콜 잡고 다른 곳을 계속 돌아다니시는 분들이 꽤 있더라고요^^ 이런 리뷰는 안 쓰고 싶었는데 짜증나고 진짜 못 참겠어서 씁니다. 배달라이더 평점 낮은 사람들 꽤 있을거 같은데 저한테 자주 배치 되는거 같아서 화가 나네요. 내가 돈 더 내서 일찍 받겠다는데 참..ㅎ
7,Jelly Yoo,2025년 12월 19일,1. 연결상태가 안 좋음. (휴대폰 설정에 캐시 지우라는데 지워도 똑같음. 계속 기계답변만 함) 2. 식당이랑 가격이 너무 다름 3. 같은 사업장인데 분할 등록한 곳이 너무 많음. 4. ui도 가게배달 안보이게 하고 불편함 5. 뭔가 복잡하게 기능을 넣었는데 유용한 기능은 없고 어지러움 6. 배달기사도 잘 안 잡히고 한집배달인데 여러곳 다니는 곳도 많고 고객센터 대응도 너무 오래걸림. 7. 마지막으로 탈퇴하고 싶은데 탈퇴도 숨겨나서 찾기도 어려움. 8. 한줄 평 : 평점 2점이 납득되는 수준의 어플
8,IiIiIi IiiIiIi,2025년 12월 12일,"리뷰를 솔직하게 남긴 적이 있는데, 그 이후 일부 업체에서 개인정보를 부적절하게 사용하는 듯한 행동이 있어 불안했습니다. 신고했지만 별다른 제재도 없었습니다 1점남겼다고 집에 찾아올려고하고 리뷰지우라고 협박함 배민에 말했지만 제재없음 그대로 영업함 또한 배민1 주문 시 가게 배달보다 훨씬 늦어 문의드렸는데, 상담 과정에서 기사 배차됐다고하셔서 확인해보니 어플에 기사아이콘이 안뜸 그동안 기사 위치(GPS)가 실시간으로 보였다고하니까 원래 안보인다면서 걍 종료함 어이무; 오랫동안 배민클럽도 사용해왔지만, 반복된 불편으로 인해 앞으로는 쿠팡이츠와 땡겨요를 이용중 배민클럽 오늘부로 해지함"
9,잣시 (이거왜이래),2025년 12월 27일,"앱이 업데이트가 되었는데 저는 자동업데이트를 다 막아놔서, 이전버전 그대로인 상태였습니다. 그런데 앱은 켜지고 내부 화면들만 네트워크 연결이 불안정하다고 뜨고 끝이네요 몇 번 다시 켜보기도 해도 마찬가지였고, 업데이트 하란 문구 같은건 하나도 안 뜨구요. 플레이스토 검색해보니 아이콘은 바뀌고 업데이트 버튼 대신 열기만 있어서 뭔가 했다가 아이콘 눌러 들어와서 봐야 업데이트 버튼이 활성화 되더군요... 플레이스토어 문제는 그렇다 치고, 이전버전에서의 앱이 호환이 안 되게 되었을 경우 플레이스토어로 이동하는 등의 알림이 가능하지 않나요?? 게임들에서는 자주 쓰던데, 그런 식으로 알림 하나 없으면 그냥 네트워크 문제인줄 알고 당황할 수 있는 일이었습니다."
10,김민석,2025년 12월 4일,"음식 조리완료 한시간가까이 지날때까지 배차가 안되면 취소라도 시켜할 수 있게 시스템이 되어야하는게 기본아닌가요. 뜨겁게 먹으려고 음식시켰는데 차갑게 오면 왜 비싼 돈 주면서 이용해야하는거죠? 7시반 넘어서 주문했으니 피크시간도 아닌데 상담조차 막아놓으면 소비자랑 가게는 그냥 구경하라는 건가요? 비싼 수수료 받고 있는데, 이렇게 하는게 맞다고 생각하는건지 회사방침이 궁금하네요. 계속 배민클럽까지 가입하고 잘쓰고 있었는데 최근 몇달간 이러네요. 앞으로 개선의지가 없다면 이용 할 가치가 없을거같네요"
11,이랑,2026년 1월 8일,원래 잘 활용하고 있었으나...최근에 배차가 너무 지나치게 안되어서 다른 어플로 이사갑니다.. 함께주문 등등 활용도도 좋고 다 좋았는데 이거 배달문제 빨리 해결 안되면 많은 사람들이 떠날것 같아요..배민측에서 손해를 좀 보더라도 (음식점에 부과x) 지금 빨리 공격적으로 방어하지 않으면 다시 못되돌립니다. 저는 가지만 아쉬움에 리뷰 남기고 갑니다.
12,Js Y,2025년 12월 18일,아 ㅋㅋㅋ 리뷰를 진작에 볼걸 그랬어요. 저만 그런줄 알았는데 음식은 20분이면 조리되는데 항상 배달기사가 안잡혀서 배달시간 지연 되는건 밥먹듯이 되네요. 어디 컴플레인 걸곳도 없고 고객센터 문의하려해도 연결도 안되고 채팅은 그런기능 하나도 없고 ㅋㅋㅋㅋ오늘만 이용하고 다시는 배민 이용안할듯 ㅋㅋㅋㅋㅋㅋㅋ직장인들이 점심시간은 정해져있는데 개선좀 하세요^^ 망해간다는게 사실이군요 ㅋㅋㅋㅋㅋ
13,BvB H,2026년 1월 1일,"예상시간 +30분이 일상이네 장난하나, 한집배달이 알뜰배달보다 늦고 15분 도착이 지연릴레이로 45분 넘는 기적을 보네, 내가 혼자 정신과 시간의 방에 쳐박혔나. 이런식이 매번있는데 좀 고쳐라 그리고 음흉하게 예상시간 10분씩 늘리는 짓거리좀 안했으면 좋겠는데. 이따위로 하면서 수수료 챙기는거 보면 참 돈벌기 쉽다 그쵸?"
14,김영찬,2025년 12월 31일,"배달 시키고 2시간 기다렸는데, 가게에서 취소 시킨줄 알았다고 일방적으로 고객취소로 등록해놨네요. 고객센터에 전화해서 물어봤더니 죄송하지만 해드릴 수 있는게 없다고 하고 걍 지우고 다른 앱 쓰렵니다. 진짜 가게 관리 개판으로 하네요"
15,Eye App,2025년 12월 30일,매우 추천합니다 항상 저는 배달음식을 이 앱으로 시켜먹는데요 예상 시간보다 빨리와서 좋습니다 그리고 할인도 있어서 가격대비로 좋아요! 지금 설치안하시고 뭐하세요?지금 설치하고 이 앱으로 배달시켜먹으세요! 100점드리고 싶어여! 하지만 단점은 업데이트를 안하면 앱에 들어가도 배달이 안된다는 것을 알아두어야겠네요
16,Palo,2025년 12월 28일,"정말 열받는게, 빨리 받아먹으려고 한집배달 주문하면 꼭 자동차 라이더한테 배정돼서 알뜰보다 늦게받음. 지금도 음식 다 됐는데 자동차 라이더님이라 음식 노는중. AI로 기사 배정하는거고 일반 라이더분들이 한집배달 안 좋아하는건 알겠는데. 그럴꺼면 돈을 더 받지 말든가. 시내 한가운데서 주문해 받아먹는건데 한 두번이 아니라 매번 그러니 음식 시킬 때 마다 짜증이 남."
17,ВИКАЭМ,2025년 12월 28일,배민클럽 당일해지가 왜 불가능한가요.... 다른 업체들처럼 당일에 해지하면 다음 달 결제 안되게 하면 안되나요. 다른 날에 해지하라는데 그냥 배민클럽 계속 유지하기 위한 짜증나는 수법으로 밖에 안 보입니다. 요즘 고객들은 그런 거 다 알아차립니다. 마케팅팀인지 서비스 기획팀인지 모르겠는데 다른 방법 좀 써봐요.
18,김관규,2025년 12월 17일,"추가 요금을 부담하고 한집배달로 주문을 했는데 다른 배달이 안 끝난 기사를 배정하는 것은 왜 그런건가요? 라이더들이 실제로는 여러 집을 돌면서 배달하고, 플랫폼에서는 아무런 조치를 안하는 데 그걸 '한집배달'로 광고하고, 구독해도 한집배달 요금은 별도로 받네요. 몇 년 동안 꿋꿋이 사용했는데, 저는 여기까지 입니다."
19,고소우,2025년 12월 23일,"자동결제 사실을 알림으로 뒤늦게 인지해 결제 직후 바로 해지를 시도했습니다. 하지만 ‘정기결제 당일은 해지 불가’라는 안내로 앱에서 처리되지 않았고, 고객센터에 전화했지만 상담사마다 본인확인 절차가 달라 혼란스러웠습니다. 첫 상담에서는 가입 당시 휴대폰 번호를 요구했고, 다음 상담에서는 아이디나 이메일을 먼저 묻는 등 절차가 일관되지 않았습니다. 결제된 지 1시간도 안 된 상태였고 혜택도 전혀 사용하지 않았는데, ‘내일 다시 연락하라’는 답변만 받았습니다. 유튜브 프리미엄과 연동된 상품이라 결제 당일 해지조차 막아두는 구조는 소비자에게 매우 불리하다고 느꼈습니다. 실수로 자동결제가 되면 하루는 무조건 이용하게 만드는 방식은 개선이 필요해 보입니다. 운영 참 멋지게 하시네요 들.."
20,lllina Celll,2025년 11월 26일,진짜 최악. 결코 싸지 않은 배달비를 내면서도 한시간 가까이 기다려야 하는것도 의아하지만 매번 음식 조리는 금방 끝나는데 배차에만 한시간~한시간 반이 걸림. 배달 시키는 이유가 즉석에서 요리된 음식을 먹으려고 하는 이유가 큰데 매번 다 식고 불어터져서 전자렌지에 돌린 상태의 음식을 받는게 어이가 없다. 다신 이용 안함
21,김현기,2025년 11월 7일,정말 화가 나지만 침착하게 남깁니다. 결제시 현금 영수증이 가능한 결제 수단의 경우 현금 영수증 입력칸이 뜹니다. 카카오페이를 결제수단으로 선택했더니 역시 현금 영수증 칸이 뜨길래 입력하고 배달시켰죠.근데 갑자기 현금 영수증이 안된다고 합니다. 왤까요? 바로 카페에서 결제한건 안된다고 하네요. 그러면 애초에 경고 메세지나 작게 표시라도 해야하는거 아닌가요? 앱을 이렇게 만들고 책임은 소비자한테 지라고 하고 ㅋㅋ
22,장수빈,2025년 11월 7일,주문하면 최소 2시간. 다 불어터진 음식. 고객센터 전화해도 연결하는데 1시간. 답변오는데 1시간. 문의량이 많은 시간에는 이해해달라는데 피크시간도 아니었고 애초에 문의량이 많게 된 원인을 해결할 의지도 안 보여요. 경쟁 앱들이 다 치고나오는 마당에 운영에 대한 의지가 없으신 건지 ㅎㅎ.. 이제 사용할 일이 없을 것 같습니다.
23,clearly hunch,2025년 12월 5일,"기종은 갤럭시 s25 울트라이며, 멤버십도 돈 주고 사용하는중입니다. 업데이트 이후로, 위치가 지정할 수 없다며 안됩니다. 재설치를 했더니 위치 설정 전까지는 아무런 동작도 불가하네요. 멤버십 취소조차 할 수도 없는데 빠른 조치해주세요. (추가) 고객센터도 전화를 안 받는데 멤버십 취소방법 안내해주세요."
24,민정,2025년 11월 17일,"주문 취소 될 때, 뭔가 문제지 확실하게 뜨면 좋겠네요.. 주문 취소 사유가 그냥 재료소진 등등 그렇게만 뜨니까. 뭐가 있는지 알 수가 없기도 하고, 불가능하다는 식으로 뜨니까. 편하게 이용할려해도.. 전화를 걸어야하나해서 귀찮아져서.. 좀 그렇습니다.. 기분도 별로 좋지 않고요. 개선 좀 해주세요."
25,조성빈,2025년 12월 5일,오늘 배달시켰는데 서버터지고 겨우 복구되나 했더니 시킨채로 1시간 넘게 기다렸어요. 그러고도 못 받아서 결국 라면 끓어먹음...ㅋㅋ 서버를 복구할거면 제대로 하던가. 복구했으면 운영이라도 제대로 쳐하던가. 그것도 못하겠으면 배달 몇분까지 온다고 써놓고 계속 5분씩 미루는 양아치 짓거리라도 하지 말던가. 이게 소비자 기만하는 거지 대체 뭐 하자는거임? 기분이 너무 더럽네요. 배민 남은 교환권 쓴 뒤엔 앞으론 지우고 쳐다도 안 볼듯.
26,정인,2025년 11월 27일,편의점 주문을 새벽시간대에도 가능하게 만들었으면 주문배송에 문제가 생겼을 때 상담센터 연결도 새벽에 언제든지 가능하게 만들어놔야 하는데 황당하게도 새벽 1시부터 9시 사이에는 무슨 문제가 생기든 무조건 문의 자체가 불가능하게 만들어져 있네요. 이것 때문에 새벽 1시에 주문된걸 아침 9시 넘어서까지 기다려야 하는 어처구니 없는 일이 벌어집니다.
27,Lunatic,2025년 12월 5일,"시켜먹으려 하니 강제종료에 재접속하면 와이파이,데이터 연결 안됐다고 무한로딩은 계속되고 사람 열받게 만드는 배달료와 중간마진뜯기는 여전하며 이제 쿠O한테 밀리는데도 아직 사태의 심각성 모르는걸보니 개선사항도 없이 매크로 답변달고 보상도 없는데 그냥 망하는게 이젠 맞을것 같네요"
28,이성관,2025년 12월 7일,"배달로 주문하면 픽업으로 자동 변경, 가게로 문의, 상담사에게 문의 하면 할 수 없어요 못해요 이럼 돈은 날리고 시간도 날리고 상담사가 무슨 말하는지도 잘 안들리고 주변은 시끄럽고 이런 경우는 처음이네요. 많이 시키고 자주 사용했는데 완전 실망입니다."
29,주희유,2025년 12월 15일,주문하려고 장바구니 누르면 화면을 불러오지 못했다고 떠요. 몇번이나 다시 해보고 앱 제거 후 다시 다운로드 받았는데도 안돼요. 음식 담은 가게로 들어가면 메뉴가 담겨 있긴한데 주문하려면 무조건 장바구니를 거쳐야하는 구조라서 지금 주문을 못하는 중..
30,Intae Kim,2025년 12월 5일,"주문 시 수령 방법 선택 화면에서 급히 주문이 필요해서 다른 배달 방식의 절반 밖에 안되는 가장 배달 시간이 짧은 가게 배달을 선택. 모든 할인을 포기하고 가장 비싸게 주문했는데, 어처구니 없게도 기재된 내용과 달리 다른 모든 배달 방식의 도착 시간을 지나 가장 늦게 배달되어 결국 시간 내에 손님 대접을 하지 못했습니다. 이에 이의를 제기했는데 배민의 반응은 가게 배달은 우리랑 상관없어 우린 몰라 그냥 속상했을테니 쿠폰 몇개 줄께 또 사먹어. 뭐 이런 경우가 있지?? 선택 화면에서 모든 배달 방식을 동일한 도착 시간 기준으로 선택하게해 구성해 놓고 어떠한 안내나 설명도 없는데 가게 배달은 우리가 담당하는거 아니니 가게랑 말은 해보겠는데 가게에서 처리 안해주면 어쩔 수없는 거다. 이걸 선택한 너희 책임이다. 이게 배민의 대응 메뉴얼. 정말 UI 기확부터 고객센터 응대 메뉴얼까지 이게 사용자를 위한 서비스라고? 정말 최악의 서비스를 경험하게 해준 앱이다."
31,해류,2025년 11월 8일,"조리 완료가 된 지 한 시간이 되어가는데 배달 기사가 아직도 픽업을 안 했고 요즘 비슷한 일이 잦습니다. 애초에 배달 예상 시간이 한 시간 이상인 건 괜찮았습니다. 확인하고 주문을 한 건데, 한 시간 이상 라이더 매치만 안 되면 이건 문제가 있지 않나요? 심지어 언제 될지도 모릅니다. 배달할 수 있는 라이더가 근처에 없었던 거면 알려줄 수는 없나요? 예상 시간이 계속 늘어나는데 이렇게 오래 걸릴 거면 애초에 주문을 안 하죠... 이런 건 어디에 물어봐야 합니까?"
32,별시,2025년 11월 20일,"사장님이 배민에서 지역 설정을 업데이트 하면서 기존에 배달 주문 가능하던 곳도 안 되게 바꼈다는데 사실인가요? 실제로 제가 배달 주문 시켰던 곳 모두 검색도 안 됩니다. 가게 근처로 바꾸고 검색했더니 제가 주문하려는 가게가 나오던데 메뉴 고르고 주소지 바꿨더니 주문 안 되네요. 아 진짜 너무 화나서 배민 안씁니다. 배민클럽도 잘 사용 중이었는데 안 쓰려고요 이제. 사장님 말씀이 사실인지는 모르겠지만 뭐가 됐든 안 써요. (+) 아이 ㅡㅡ 배민클럽 해지가 왜 바로 안 돼요. 이거 때문에 11월20일까지 기다렸다 회원 탈퇴 해야하잖아요. 아나 다 맘에 안들어요 정말. 하... (+)(+) 답글 주셨는데 우선 고생 많으십니다. 이런 개선같지도 않은 개선을 결정한 윗선이 있겠죠. 무튼 거리 멀어도 사장님들 알아서 잘 해주셨고, 배달도 거리가 있으니 그거 감안하고 받았습니다. 왜 지레짐작해서 이 사단을 만드셨나요. 어쨋든 오늘이 11월 20일이라 저는 탈퇴 합니다."
33,트리트리,2025년 12월 2일,리뷰 안남기려고 했는데... 왜 배차 시스템때문에 내가 손해를 봐야하지? 음식은 진작에 조리 완료됬는데 1시간째 픽업도 안해가는건 진짜 욕밖에 안나오는데 일부러 그러는건가? 이게 한 두번이야 참지 시킬때마다 이러면 어쩌라는거임? 알뜰배달을 시키든 한집 배달을 시키든 시간차이도 없고 애초에 픽업하는데 1시간 넘게 걸릴거면 배달어플을 왜쓰는건데 그냥 배달의 민족은 이제부터 믿고 거른다 한두번도 아니고 시킬때마다 2시간씩 걸리는거면 왜 시켜야함? 진짜 제발 망했으면 좋겠다
34,하늘바라기,2025년 11월 11일,선물받아서 쿠폰 등록해서 쓰려는데 휴대폰 인증과정에서 정보가틀리다고 인증이 안되네요 휴대폰은 다른앱은 정보틀리면 수정이라도 되는데 어디가 틀리지 확인도 안되고 고객센터전화하니 정보초기화 해야한다며 서류를 접수하고 몇 일 걸린다네요 구시대도 아니고 휴대폰본인인증이나 인증서도 있는데 너무 번거로워서 굳이 사용해야 싶네요
35,이b,2025년 12월 23일,와이프는 플립 7을 저는 폴드 6를 쓰고 있습니다. 그런데 가끔씩 요상하게도... 오픈 되어 있는 가게가 다를 때가 있습니다. 소비자와 대면하는 어플에서도 이런 일이 일어나면 배송기사와 소통하는 어플에서도 이런 일이 있는건 아닐까 하는 그런 생각이 듭니다...
36,박준용,2025년 12월 30일,"돈은 돈대로 가게사장들 삥뜯고~ 프로그래머는 채용을 안하고~ 카카오페이 결제 씹는 버그 만들어서 1시간 헛기다리게하고~ 내가 gpt로 만들어도 느그보단 잘하겠다. 카카오페이에서 확인 누를 때까지는 앱이 초기화되지 않도록 보장해라. 그 간단한 걸 못만들어서 껐다켜도 안돼서 설정앱에 들어가 캐시삭제하고 한 번은 키고, 또다른 한 번은 끄고 확인했는데 안돼서 데이터 삭제하고 집주소설정하고 다시 로그인하게 만드냐? 이 간단한 UI의 안정적인 UX를 보장하지 않으면 사장님들 삥뜯어서는 서비스개선 안하고 주머니에만 챙겨넣는거냐? 독점하더니 도덕적으로도 해이해졌는데 경쟁 자체를 안하나보네 ㅋㅋ 재수없어서 배달특급으로 갈아타야겠다"
37,Lemon,2025년 11월 15일,앱이 업데이트될때마다 UI나 주문하기가 너무 번잡하고 광고팝업창도 너무너무 많이뜨고 광고 수익내시려는건 알겠는데 주문하는 소비자 입장에서 초기의 배민으로좀 돌아가주세요. 요즘 대구로나 땡겨요 이런곳이 주문하기 훨씬 편안합니다. 1위에 안주하지마시고 초심으로 배달앱의 본질을 잃지마세요 배민주문 갈수록하기 싫어집니다
38,이도윤,2025년 11월 12일,"배달의민족 쿠폰 우연히 생겨서 주문했고, 주소지를 잘못입력해서 배달 중에 상담사 통해 주소지 변경했습니다. 라이더에게 전달되었으니 걱정말라고하셨구요. 근데 몇분뒤 문자로 배달음식이 폐기되었다고 연락이왔습니다. 저한테는 사전에 어떤 연락도 없었구요. 고객센터로 전화하니 일처리부서랑 연결되는데 전화를 5번정도 토스할정도로 오래걸렸습니다. 배달부터 문의까지 모든 과정이 최악이에요.. 일처리 이따위로 하지마세요. 배민쿠폰은 다시는 안쓸거고 쿠팡이츠만 쓸게요"
39,DW Heo,2025년 12월 12일,"한집 배달 시키면 뭐합니까?? 배달기사 조리대기 때문에 다른집에서 20분씩 기다리다가 1시간 뒤에 오는데 이게 맞습니까?? 기사 없는 지역은 아니라 배차 안되는 경우는 없는데, 쿠팡처럼 기사한테 조리완료나 배차를 늦게 시키세요 제발. 가게가 바쁠때 주문 밀려서 늦게 나오는거야 당연히 그렇다 쳐도 문제는 그게 아니라 가게는 시간 지켜도 항상 배차를 빨리 시키는게 문제라니까요? 기사가 가게에 빨리 가있는게 배달이 빨리 될거라 생각하세요?? 조리 기다리는 시간이 너무 기니까 가게 손님 라이더 전부다 시간 손해 보잖아요 생각좀.. 뭔 얘기 들어보니까 음식 픽업하고서 조리시작 안한 집이랑도 묶어서 준다더만..ㅋㅋㅋ 그니까 항상 늦게 오잖아요. 그래서 쿠팡이 배달 평균적으로 빨리옴 배민원 시스템 개노답임ㅠ"
40,김가영,2026년 1월 10일,배민 즐겨 쓰고 있습니다. 그런데 알뜰배달 부탁하니 배민기사님이 계속 음식 픽업을 안 해서 한참 동안 밥을 못 받았습니다. 점심때 주문했는데 다 지나서 받았고요. 늦게 받아서 밥의 품질 또한 떨어졌습니다. 이건 가게 측 잘못이 아니라 배민 측에서 기사님 관리를 잘못하고 계신 게 아닌가 싶습니다. 다음에는 이런 일 없도록 개선해 주시기 바랍니다.
41,Google 사용자,2026년 1월 19일,"추운 날씨에도 배달이 정말 빨라서 치킨이 전혀 식지 않았고, 가게에서 바로 먹는 것처럼 따뜻하고 바삭했습니다. 한 입 먹자마자 바삭함과 풍부한 맛이 그대로 느껴져서 끝까지 아주 맛있게 먹었습니다. 포장과 배달 모두 신경 써주신 게 느껴져 만족스러운 식사였습니다. 다음에도 꼭 다시 주문하겠습니다."
42,황슬기,2025년 11월 28일,"카카오페이 결제하는 부분에서 결제화면으로 돌아가서 직접 결제하기 뜨고는 다음으로 안넘어가는경우가 간혹 있는데 자동으로 좀 결제 될 수 있게 해주세요, 주문된줄알고 기다리고있으면 결제자체가 안되서 주문이 안되어있을때가 많아요"
43,조혜진 (skymisocat),2025년 11월 23일,엊그제? 부터 앱자체가 안열려요. 달달이 요금도 내면서 쓰는데 앱자체가 안열리고 죽어버리네요. 재설치해도 마찬가지에요 갤럭시 s25입니다 다른 폰으로 로그인후 실행하니 로그아웃상태로 실행되었습니다. 자동로그인과정에서 죽었던거같습니다
44,JOONKYO SEO,2025년 12월 29일,"비피크시간대 10시 25분쯤 비마트 주문함. 비마트에서 우리집까지 우회전 . 우회전 . 직진 . 좌회전.우회전 하면 끝남. 넉넉잡아 15분이면 오는 거리임.비마트 시키면 1시간 넘게 걸리는걸 알게 되었음. 대충 1시간에서 1시간 반 예상하면 될것 같음.다음부터는 이 시간 상정해서 배달 미리 시켜 놔야 할듯함.상담원 채팅 연결 10분 기달려야함.도착 예정시간에 10~15분뒤 도착한다 생각하면 되는듯 함.상담원들도 취소할려면 취소해 이런마인드임.""죄송하지만.조금만 더 기달려 주시면 안될까요?"" 했으면 기다릴라했음.걍 취소해라 니만 손해지 마인드 같음. 열받아서 취소 환불 했는데. 현재 배민 상황 같으니 참조 하시길요. 댓글 답변 어떻게 답변할지 기대됩니다."
45,김진아,2026년 1월 1일,장보기에서 사진 리뷰 모아보기 보려는데 앞쪽만 봐지고 그 뒤쪽은 볼수가 없고 자꾸 앞쪽으로 다시 새로고침 으로 봐집니다. 아님 사진리뷰를 계속 하나씩 스크롤 해서 내려서 봐야합니다. 이렇게 된지 한참 됐는데 개선이 안됐네요;;;
46,폭발왕,2025년 12월 27일,얘넨 그냥 리뷰를 5점 아니면 없애겠다임 뭐 좀 만 바른말을 하면 가게 눈치보면서 30일 쳐내고 걍 지 맘대로 통제를 하겠다 밖에 안보임 그럴거면 후기 걍 없애라 안그래도 이거말고도 쌓인게 많았는데 잘 걸렸다 넌 손해 좀 보자 +얘는 리뷰답변에서도 고객상대로 끝까지 기싸움하네 오케이 너한테 돈 안쓸게요
47,김민철,2026년 1월 2일,"배달 시간 전혀 안 맞습니다. 한집 배달 기준 30분으로 보고 시켜도 60분은 대수고, 가게 주문이 밀려서 그런가? 하고 가보면 가게는 한참 전에 조리 완료입니다. 가게 소개엔 여전히 30분 배달 예정으로 떠있네요. 이렇게 안 맞을 거면 차라리 배달 예상 시간을 표시 안 하는게 낫겠네요."
48,오레오,2025년 12월 13일,배달 계속 지연되고 답 없어서 이번 배달 끝나면 바로 앱 삭제합니다 + 배달의 민족 요새 유저들 많이 나가서 CS하나보네요 근데 외부 라이더 배달 퀄리티 컨트롤을 하려면 알뜰배달을 무조건 FIFO 하는게 아니라 가까운 지점부터 or 중간 지점부터 방문하게 최적화를 하셔야죠..... 물론 어련히 최적화 하셨겠지만 여러모로 짜증나네요 가게에서 1분거리 두고 10분거리 왕복해서 되돌아오는 라이더 꼬라지 보니까 답답합니다
49,인륜,2025년 12월 16일,잘 쓰고 있습니다 요즘 배민에서 무료배포하는 음식사진을 쓰거나 본인가게에서 만든 음식사진이 아닌 음식사진을 사용하나보네요? 다른 가게인데 음식사진이 같은 곳도 많구요 사기 아닌가요? 고쳐주세요 사진은 맛있어 보이는 걸로 해놓고 막상 받아보면 음식물 쓰레기가 오는 곳이 많네요
50,이세정,2026년 1월 12일,"배민 회원으로 월결제 해도 라이더 안 잡힌다고 1시간 이상 넘게 아예 배달 출발도 못하고 원래 도착 예정시간보다 1시간 반 이상 지연되고 이거 때문에 문의하려고 해봤자 고객센터는 자동응답으로 ""기다려주세요"" 혹은 바로 그냥 취소하고 환불받는 옵션밖에 없네요. 고객으로서는 배민 측이나 배민배달 라이더 측이랑 연락할 수 있는 방법이 없다는 게 너무 불편하고 불편을 겪고 밥을 제대로 못 먹는다고 하더라도 이에 관해 해결책도 마땅치 않다는 게 너무 불편합니다. (심지어 유료회원임에도) 서비스가 너무 별로 입니다. 굳이 이용할 필요도 메리트도 더이상은 없는 듯합니다. 가능하다면 다른 배달 어플리케이션 사용이 훨 나은듯해요"
51,성이름,2026년 1월 2일,"자기 리뷰에서 리뷰 검색 기능 있으면 좋겠어요/메뉴 누르면 필수로 추가금 붙게 하는거 막으면 좋겠어요/이벤트 액수 크게 해놨다가 최소금액 올리거나 할인액수 줄이는거좀 그만하면 좋겠어요/욕설비방정보침해같이 안내에 써있는 항목 아니고 별거아닌데 별점 5점 아니라고 리뷰 30일 차단하는등 오남용하는분이 많은데 개선좀 해주세요 다 가릴거면 5점리뷰만 가능하게 하지. 사장님이 차단한 리뷰 몇갠지 보이게 해주세요/음식사진 가게건지 배민기본사진인지 써놓으면 좋을듯해요 가게에서 찍은거 하나이상 필수면 좋겠어요/주문내역 검색시 제일 비슷한게 위로 오고 일부단어도 검색되면 좋겠어요 지금은 키워드+최근게 제일 위인것 같아요 검색단어 없는것도 위에 와서 불편해요/씹이라는 단어가 써질때도 있고 아닐때도 있는데 다른단어랑 같이쓰면 써지면 좋겠어요(씹는,씹기)/앱 내에서도 건의사항 제안할 수 있으면 좋겠어요"
52,최수경,2025년 11월 30일,"잘 배달시켜 먹던 가게들이 며칠 전부터 배달 불가 지역이라고 뜨네요. 가게들마다 문의해보니 배민에서 거리 설정을 했다고 하는데, 사장님들도 불편해하시던데 거리 설정의 기준이 뭔가요? 배달비를 항상 더 내고도 먹곤했는데 폭이 많이 좁아져서 아쉽습니다. 또 자동차 전용 도로 때문에 가까운 거리인 곳은 왜 배제가 안 되나요? 배달이 되던 곳은 안 뜨고 옆 동네지만 자동차 전용 도로를 타야 하는 곳은 뜨고, 원래대로 거리 설정해주시면 안 되나요?"
53,이주연,2025년 11월 5일,아 진짜 할많하않입니다. 무료인 가게배달이 있음에도 빠르게 받고싶어서 배달비를 지불하였음에도 기존 공지되었던 시간과 다르게 지연되는 일이 너무 빈번합니다. 5~10분도 아니고 20~30분씩. 그리고서 꼴랑 카톡으로 지연 이해부탁드립니다? 제가 왜 이해를 해야하죠? 구조적으로 문제가 있으면 고칠 생각을 해야하셔야지 왜 이걸 소비자한테 떠넘기는 구조인지 도저히 이해가 안됩니다. 제 배달비는 누가 보상해주나요? 이 문제가 개선되기전까지는 앞으로 사용하지 않을 것 같습니다.
54,정정훈,2025년 11월 10일,어플 편의성이 많이 안좋다고 생각됩니다.. 상품권을 선물받았는데 결제하는 과정에서 사용할 수 있는 버튼을 결제수단도 아닌 할인쿠폰 탭에 조그맣게 넣어놨네요.. 덕분에 3만원짜리 쿠폰 놔두고 결제 쌩돈으로 다하고 이미 도착할 시간 다되어서 취소도 못하고 도대체 어디 있나 한참 찾다가 이제 창을 발견했습니다.. 그냥 결제 더 하게끔 유도당했다는 생각마저 드네요.. 이런 상품권은 되도록 결제창에서 먼저 사용할 수 있게 잘 보이게끔 표기를 하던지 아니면 상품권을 선택한 뒤에 주문을 할 수 있게끔 어플 개선이 필요할 것 같습니다.. 기분 좋게 선물받은 쿠폰 쓸려다가 제 돈만 쓰고 쿠폰은 그대로 남고 상당이 불쾌하네요..
55,유기원,2025년 10월 25일,주문시간 지연되서 취소요청하면 전 매장 똑같이 출발했다거나 확인시간지연으로 버티다가 배달시작함. 제시간에 못맞출꺼 같으면 주문 받지나 말던가 출근해서 매번 제시간에 밥을 못먹음. 해당 식당 잘못이라고만 하지말고 이런 어플을 운영하면 배민에서 관리를 좀 해야된다고 생각함. 추후에도 계속 반복되면 어플 삭제하고 ㅋㅍㅇㅊ로 갈아타야겠음. 이번에 매출순위도 역전 당했더만 다 이유가 있는거임.
56,Avril Sohn,2025년 11월 6일,"다른 배달 어플보다 쿠폰 주는 이벤트도 현저히 낮은데다가 구독자 대상으로 하는 할인도 너무 없어요. 배민은 그동안 1위였다는 위치에 너무 안주하고 익숙해져서 계속해서 경영 방식의 개선은 없이 수익만 낼 욕심이 가득한 게 너무 눈에 보여서 매우 실망스럽습니다. 쿠팡이츠, 요기요도 모두 구독하고있고 두곳은 혜택도 꽤 있지만 배민은 그냥 구독자를 위한 혜택이 없다고 봅니다. 그나마 요즘 하고 있는 푸드 페스타 때문에 드디어 정신을 차렸구나 싶었는데 며칠전부터 그 혜택도 교묘하게 못 쓰게 배민페이 전용 쿠폰이나 꽝만 나오네요... 사실 이 부분 때문에 너무 화가 나서 리뷰 쓰러 온 겁니다. 구독하는 소비자를 상대로 꼭 이렇게까지 하셔야 하나요? 원래 한달전쯤에 구독 해지하려고 해지 예약까지 걸어뒀었는데 가게들이 배민 가입된 곳이 많아서 어쩔 수 없이 재구독했는데 정말 해지하고 싶습니다. 여기 운영 방식이 너무 돈 욕심만 가득하신 게 보여서 소비자 입장에선 사용하고 싶은 맘이 뚝 떨어집니다."
57,원별,2025년 11월 2일,"배민 회원인데, 가게배달이랑 픽업 2개만 분명 떴었는데, 배달중일 때 어쩌다 같은가게 다른메뉴 장바구니에 넣다가 알뜰 가게 픽업 3개 생겨있네요 유료가게배달했는데 무료알뜰로 가격 더 저렴하게 뜨는 거 보고 바로 배민클럽도 그냥 해지합니다. 시스템문제인지 뭔지모르겠지만요"
58,이윤주,2025년 11월 2일,배달의 민족은 고객센터 문의할 때마다 상담원들이 일하기 싫은건지 아니면 교육을 제대로 못 받은건지 제대로된 확인도 하지 않고 상담하는 기분입니다. 불만 제기하면 허구헌날 별로 쓸데도 없는 쿠폰 준다고나 하고 상급자 통해서 정확한 확인 후 안내해달라니 연결 요청하지도 않았는데 갑자기 원하면 연결해줄 수 있는데 며칠 소요된다하질 않나;; 애초에 상담을 얼마나 제대로 못했길래 민원인이 많아 상급자 연락 받기까지 며칠이나 기다려야하는지도 이해 안가고 상담사가 제대로 안내 안한 부분을 팩트로 하나하나 얘기하니까 비꼬는 것도 아니고 죄~~송합니다 이러면서 매번 고객 니즈 파악도 못하는데 CS 교육 진짜 다시 시키세요 고객이랑 기 싸움 하자는 것도 아니고 문의할 때마다 오히려 기분이 더 상합니다. 걍 배민 지우렵니다;;
59,박하윤,2025년 11월 1일,"그래도 꾸역꾸역 썼는데 이젠 진짜 답이 없네요. 무슨 그쪽 재고부족으로 환불해야되는 상황에서 할 수 있는건 고객센터 문의 뿐이고, 고객센터 문의는 주말에만 가능하고 어찌어찌 연결하면 뭔 현재 통화량이 그렇게 많으신지 한 번도 받지를 않으시고 그냥 답이 없어서 쿠팡이츠로 갈아탑니다"
60,이가현,2025년 10월 29일,음식을 시켰는데 배달 예상시간이 지나도 계속 오질 않아 가게에 전화해 보았더니 음식은 이미 다 만들었는데 배민 측에서 라이더를 아직 안보내줘서 보내질 못한다는 답변을 받고 기다렸습니다.계속 기다려도 배달할 기미가 보이지 않아 배민 고객센터에 전화를 했는데 통화량이 많아 통화가 안된다는 연결음만 들렸습니다. 결국 어쩔 수 없이 포기하고 환불처리 했습니다. 저도 시간이 없어 빨리 주문받을 수 있는 가게로 주문한건데 덕분에 1시간 반 넘게 기다리고 아무것도 못받은 사람 되었습니다! 앞으로 배민은 쓸 일 없을 것 같아요~
61,유진,2025년 10월 29일,앱 자체의 고객상담 부분이 너무 불편합니다. 원하는 상담내용을 직접 적지 못하고 선택지에서 골라야하는데 없으면 상담연결도 힘드네요. 그리고 음식 상해서 부분환불 받았더니 회수는 배차 때문에 자체회수 해달라고 하더군요. 점심 먹지도 못하고 음식물 쓰레기만 치웠습니다. 그리고 전화와서 사장님이 정말 죄송하다는 말씀 전해달라고 했다더니 제가 남긴 리뷰는 또 차단하네요. 이럴꺼면 리뷰 시스템은 왜 있는지 모르겠어요. 요즘 배민 망해간다더니 배달도 1시간 넘게 걸리고 고객상담도 별로고 쿠팡잇츠나 해야겠습니다.
62,SC Lee,2025년 11월 25일,거지같다. 배민클럽 가입해서 알뜰배달 시키면 10번중 5번은 늦고 2번은 배달기사가 안잡힌다. 3번만 처음 안내된 시간내로 온다. 안내된 시간도 조리완료후 배달하는데 걸리는 시간 대부분이다. 개선이 되는게 아니라 점점 더 심해진다.
63,대공,2025년 11월 2일,한집배달과 알뜰배달의 차이를 모르겠어요. 문의하려고해도 채팅문의도 안되게 막아놓고 짜증나서 이제 배민클럽해지합니다. 진짜 운영 이딴식으로하지마세요. 왠만하면 리뷰안남기는데 진짜 몇번연속으로 배민에 당하고 빡쳐서 해지합니다. 망해야정신차릴듯.
64,JIWON SHIN,2025년 9월 13일,"한집배달로 43분~53분 정도 걸린다고 되어있어 주문했는데...이후 50분이 넘도로 배달 배차가 안됐네요. 이렇게 처음 고지 시간이 다 지나도록 배차가 안되면 가게에 의무적으로 고객한테 알리고 주문취소 등의 선택지를 주도록 해주셨음 좋겠습니다. 기상악화 없는 맑은 날에 뭔일인지 모르겠네요. 덕분어 주말에 달달하게 힐링하려다 킬링만 했어요. 거기다 보상쿠폰 보니까 오히려 화가 나요. 그것도 이 이천원 할인받자고 2주, 아니 13일 내 만오천원 이상 배달시켜먹으라는게 굉장히 불합리하게 느껴집니다. 심지어 마지막에 배차 후 고지되는 예상도착 시간보다도 실제 배달 완료 도착이 늦은 상황인데...쿠폰명칭이 보상인데 피해본 사람이 아닌 보상을 해야하는쪽 입장에서만 생각해서 만든 것 같습니다. (+) 다른 리뷰 읽어보니 내용복붙이 많네요. 이거 쓰는 의미가 있나.."
65,따다단,2025년 10월 3일,"안녕하세요, 지난번 리뷰로 가게요청사항 가게마다 저장되는지 리뷰를 남겼었는데요. 관련 기능이 만들어져서 유용하게 사용중입니다. 다름이 아니라 다른 건의드리고 싶은 사항이 있어 기존 리뷰삭제 후 다시 남깁니다. 가게를 차단하거나 숨길 수 있는 기능이 만들어지면 좋겠습니다. 여러번 주문하면서 가게에서 개선되지 않는 문제가 있어 다시는 주문하고싶지 않은 가게를 숨기거나 차단하고 싶습니다. 메뉴 검색 시 여전히 그 가게가 보이는데, 시일이 지나 주문하거나 하는 경우 기억이 나지 않아 다시 주문하는 불상사를 막고 싶습니다. 맛이 너무 없고 안 맞는 가게들도 숨길 수 있다면 실패 경험을 줄이고 다른 가게들을 찾아가며 선택의 폭을 넓힐 수 있을것 같습니다. 꼭 이 기능이 개설되었으면 합니다. 읽어주셔서 감사합니다."
66,김영찬,2025년 9월 9일,최신 업데이트 이후 '방금 본 가게와 비슷해요'라는 기능이 추가되어 주문을 방해함. 내 입맛에 맞는 가게를 추천하는 것도 아니고 옵션에서 끌 방법을 찾을 수도 없었음. 고객센터에 이에 대해 문의하려고 했으나 앱 사용방법에 대해서는 채팅 문의를 지원하지도 않고 '자주 묻는 질문'으로 보내버림. 물론 자주 묻는 질문에 해당 기능에 대한 설명은 없었음. 최근 다른 배달앱들에 비해 혜택도 줄이고 배민클럽 혜택도 점점 축소하는데 이정도면 배민클럽 탈퇴하라고 종용하는 거 아닌가 싶음.
67,dahye lee,2025년 9월 23일,주문 내역도 보이고 현재 위치도 제대로 잡히고 처음 화면에서는 주변 가게 광고도 잘 보이는데 주문하려고 누르기만 하면 화면을 불러오지 못하고 연결 상태 불안정하다는 메시지만 반복되어 사용이 불가함. 다른 앱 이용에는 전혀 문제가 없는데 왜 배민만 연결이 불안정한건지 알 수 없음. 앱을 삭제 후 재설치도 해봤지만 먹통임
68,최지원,2025년 9월 28일,다 좋은데요. 소비자가 프랜차이즈나 한 주소에서 여러 음식점을 하고있는걸 좀 더 알기 쉽게 표기해줬으면 하네요. 매번 음식점 들어가서 확인하는것도 그렇고요. 아니면 음식점 숨기기를 만들어주세요. 매번 이게 식당음식이라고? 싶은 음식들만 보면 한집에서 여러음식 하는데에요. 거르기가 너무 불편한데 ㅋㅋ..
69,WooJin Kim,2025년 9월 3일,여러 쿠폰을 줘서 설치하고 처음 주문했는데 배민 역시 소문대로군요. 주문하고 음식점에서 전화와서 라이더가 안잡힌다고 취소 요청을 하고 직접 배달하면 카드로 결제해달라고 하네요. 쿠폰으로 결제한건데... 음식 다되었다고 전화왔는데 20분째 배달 시작도 안했네요. 저녁시간이라지만 30분 넘게 라이더 안잡힌다는게 믿을수도 없군요. 배민도 문제고 가게도 문제고.. 요즘 배달앱 문제 많다고 하지만 여지껏 사용한 요기요는 이런적 한번도 없었어요. 다른 쿠폰도 있지만 별점 남기고 삭제합니다.
70,구슬동자,2025년 9월 18일,"라이더 및 배송지연 시스템 문제 애초에 어플에서 정해진 주문 시간보다 1시간 30분이나 늦게 배송되는게 맞나요? 시스템을 바꾸던가 라이더 도중 배송 취소를 못하게 막던가 어플 만들어놓고 뭐하는 짓거리야? 상당원도 정해진 대사본으로 대응만하고, 전체적으로 다별로입니다. 당장 지울께요"
71,부엉이,2025년 10월 29일,"음식조리완료후 32분뒤배달시작함. 거의 50분다되가는 식은음식을먹으라는건지. 식은음식 받은적있어서 상담사연결했는데 7분만에됨. 음식취소함. 다른 좋은배달어플들도 많으니 생각해보세요. 문의고객을 블랙컨슈머라고 생각하기전에 한집배달인데 두집배달가는 기사문제, 라이더부족하면 잠깐 음식못시키게 막아두던지 고지라도하세요. 식은음식 받고싶지않아요."
72,Connor Lee,2025년 9월 1일,"누구 생각인지는 모르겠고 관심도 없지만 업데이트를 할때마다 UI가 더더욱 직관적이지 않게 변합니다. 이전처럼 음식 종류를 골라 원하는 가게를 찾는 편하고 직관적인 방법 대신, 이젠 알아보기도 힘든 어중간한 음식 아이콘을 눌러 음식 사진이 나오니 뭐가 무슨 가게인지 도저히 알아먹지를 못하겠습니다. 제발 배달료 포장 수수료같은거 더 뜯고 이딴식으로 의미없고 고객 경험 깎아먹는 업데이트 궁리나 하지 말고 있는거나 잘 굴려주세요."
73,서지민,2025년 10월 3일,"20~30분 걸린다고 해서 추가비용 지급하고 한집배달로 시켰는데 50분이 걸리면 제가 왜 추가비용을 지급해서까지 배민을 이용해야 하는지 모르겠습니다. 심지어 배달 현황에서 라이더 위치를 확인해보니 한집배달을 하는 것도 아니고 여러 장소를 들렀다 옵니다. 한 두 번도 아니고 몇 번 씩 예정시간보다 1.5배의 시간을 들여서 받기에, 배달 어플에서 제일 중요한 라이더 관리도 제대로 못하는 어플을 더 이상 사용하고 싶지 않습니다."
74,댕댕,2025년 10월 25일,고객센터 상담원 대응 개별로네요 한번도 픽업으로 시킨 적이 없는데 픽업으로 자동 선택 돼서 고객센터 전화해 주문취소하고(돈을 돌려 받아야 재주문 하든지 말든지 하지) 재주문 넣으면 간단히 해결되는 걸 가게 측에 물어보지도 않고 조리 들어가셔서 취소 안 되세요~ 재주문 넣으신 거 확인하셔야 취소되세요 하며 한숨 쉬고 가게 측이 동의해도 주문취소 안 되냐 물으니 그제야 전화해서 물어보고 취소해 주네요ㅋㅋ
75,박윤현,2025년 10월 10일,전화번호를 바꿨는데 이전 번호로 설정돼 있어서 주소를 잘못 입력해가지고 가게에 연락했지만 라이더 번호 조회가 안돼서 수정을 못했습니다 그래서 고객센터에 문의했지만 대기 시간 동안 배달이 자체 폐기 처리가 되어버렸고 연결 후 상황 설명했으나 부서 전환만 반복되고 결국 해결 못 받고 재문의 요청만 받았습니다. 한 5시간동안 전화상담에만 시간을 쓴것 같은데 부서만 자꾸 바뀌어버리니까 정확한 답변을 못받아서 너무 화가 났습니다. 결국엔 마지막에 채팅 상담으로 답변은 얻었지만 라이더님 잘못이라고 보기에는 어렵기도하고 제 잘못도 있다고 하셔서 저도 힘들어서 더이상 얘기하진 않았습니다. 7시간 만에 불의한 답변 한마디를 받았는데요 처음부터 정확한 답을 안주고 기다리게 만들으시니까 너무 스트레스를 많이 받았던것 같습니다.. 특이한 상황이지만 앞으로 정확한 답변이라도 해주셨으면 좋겠습니다. 2만원 날려서 분한것도 있지만 신속한 답변을 못받은게 더화가 났던것 같습니다.
76,Chloe Hyun,2025년 10월 22일,"기능 안내가 부족했고, 제 리뷰는 알 수 없이 숨겨져 있어 편집할 수도 없었고, 새 리뷰를 남길 기회도 없습니다. ""실시간 채팅 상담"" 입력란조차 이용할 수 없어 해당 기능은 거의 쓸모없다고 봐야겠네요. 배민에 대해서는 항상 좋은 인상을 가지고 있었는데, 실제 사용 경험은 실망스러웠습니다."
77,천대선,2025년 9월 26일,"배민 자주 쓰는데 딱하나 추가 되었으면 하는게 있습니다. 주문하고 맛없는 가게는 다시는 안시켜먹고 싶은데. 리뷰를 쓰자니 맛은없지만 열심히 사는 사람들 별점 깎아먹긴 싫고 해서 리뷰를 안남기는데 개인적으로 혼자만 보이는 가게 별점이라던지 블랙리스트 가게 라던지 아니면 가게이름에 메모남길수 있게하거나 이런거 좀 추가해주세요. 내입에 맛없는가게, 그럭저럭 괜찮은그게, 맛잇는가게, 아주 맛있는가게 이런식으로 나누고 싶은데 이건뭐 찜밖에 없으니. 오늘도 드럽게 맛없는가게 주문해서 성질 겁나나서 첨으로 1점 남기고 심한말 쓰려다가 참습니다. 맛없는가게 표시해놓고 내가 안먹겟다는데 그걸 표시할 수단을 주세요. 리뷰 1점쓰고 맛은 없더라도 열심히 사는 사람들 상처받게 하기 싫습니다."
78,ᅳ예지,2025년 10월 1일,배달원이 안잡히면 배달시간은 계속 늘어가고 상담원 연결은 힘들어서 취소도 어렵고 이럴거면 배달앱을 쓰는 이유가 없지않을까요. 무슨 도착 예정시간이 처음보다 30분 넘게 지나요. 그나마 배달 어플중에서 제일 오래썼던거라 말 많아도 그냥 안지우고 자주 썼는데 이제 갈아탈 때가 된 것 같네요.
79,Seungguk Ahn (KOR_APUcard),2025년 10월 4일,이거 편의점 주문할때 교차상품 있는거 담으면 그거 재고수량 부족해서 다 못 담으면(2+1일때 2개만 담을 경우 등) 주문하기 누르면 자꾸 교차상품 담을 수 있다면서 장바구니로 강제로 넘어가서 결제창으로 못 넘어감. 아니 재고가 없다면서요 재고가 없는데 그럼 없는 걸 담아요? 무슨 아메리칸식 블랙유머도 아니고 장난하나
80,Tolerance Korean,2025년 10월 15일,"10년 넘게 매일 배달 음식을 먹고 있는 유저입니다. 대체로 잘 사용하고 있습니다만, 얼마전 한집배달과 알뜰배달의 비용이 같을시 자동으로 한집배달로 선택되던 기능이 소리소문없이 사라졌네요. 해당 기능이 원래 없었다면 모를까, 갑자기 없어진건 조금이라도 비용을 줄이려고 하는 의도밖에는 안되잖아요. 소비자 중심적이던 경험을 변질시키지 말아주시고 소비자를 이런식으로 기만하지 말아주세요."
81,조윤서,2025년 10월 19일,첫주문쿠폰ㅋㅋ.. 첫 가입하면 일주일 동안 언제나 쓸 수 있는 게 아니라 말 그대로 첫 배달 주문에만 사용할 수 있었네요? ㅋㅋ큐ㅜ 좀 제대로 크게 명시 좀 해주시지ㅜㅜ 딴 건 다 색깔로 진~~하게 해놓고 이 내용만 흐리멍덩~하게ᅮᅮᅲ 전 제가 그새 난독이라도 생겨서 못 봤나 했는데 제 지인 중에도 못 쓴 분들 많네요ㅋㅋㅋ 당황스럽게 진짜.. 번창하세요!
82,박정대,2025년 10월 17일,음식이 오지도 않았는데 완료떠서 음식점 전화했더니 배민측에 연락해야 한데서 고객센터 연락했더니 30분이지나도록 통화량이 많아 기다려달라는 말만 되풀이 되면서 통화가 안됨!! 음식점 다시 전화했더니 라이더정보는 배민측이라 알수 없다함! 음식점에선 다시 주문 넣으시면 금방해서 다시 가져다 주신다는데..그럼 2중 결제지 않냐는 말을 할수 밖에 없었고~음식점에선 무조건 고객센터 연결해서 전에 주문한거 환불 받아야된다함!! 지금도 고객센터 연결중인데 아직도 통화량이 많다는 말만 되풀이~징허다 배민!!음식점에서도 라이더 정보를 알수 있게 해야지~고객만 호구된것 같음!!어쩔수 없이 환불 받으려고 아직도 연결중인데 개짜증!!
83,슈뢰딩거민트찐빵,2025년 10월 12일,갈수록 역겨워지네요 지금까지 오래 그리고 많이 사용해왔지만 최근 몇달간 배달시간 20~30분 연장은 기본이고 1시간째 안 오다가 음식점에서 냉장고 고장으로 안될것 같다고 통보받고 제시간에 먹어야 해서 알뜰이 아닌 한곳 배달로 예상시간 20~30분인걸 시켜도 1시간20분만에 오고 어쩌라는건지 모르겠네요 그럼 왜 예상시간을 표시하고 배달료는 다르게 받고 알뜰배달은 1시간 이상이 기본이고 이게 한두번도 아니고 몇달째 이러니까 정말 역겹습니다 어쩌다 한번 주문하는 것도 아니고 이틀에 한번씩 주문하는데 갈수록 역겹네요
84,박수진,2025년 9월 20일,"업뎃이후 로그아웃되더니 계정 날라감 갤럭시 쓰기때문에 애플로그인은 절대아니고, 카카오, 네이버, 휴대폰번호로도 로그인 안되고 가입하라 나옴 계정찾기 눌러도 가입한 계정이없다뜸 몇일전에 들어갔을때까지만해도 들어가서 주문했었는데 계정이 아예삭제됐음 계정 정지도아니고, 리뷰를 안좋게쓴것도 아니고, 환불이 잦은것도 아님 주재료가 빠져서 환불받은거 딱 1건이고 그것도 일년전일이고 사장님이 먼저 연락주셔서 환불받은건데 갑자기 계정이 없어지다니요..."
85,유우키리아,2025년 9월 26일,리뷰를 수정할때 오류가 발생합니다. 첫번째 리뷰작성 글을드래그해서 복사할때 전채선택이 안되는 버그가 발생합니다 둘째 사장님 한테만 보이는걸로를선택 한거를 봐구고 싶어도 수정 할수 없다는 겁니다. 수정버튼을눌러도 수정클릭자체가 않됩니다.이두가지 오류즉 버그좀 해결해 주셨으면 합니다.
86,KS M,2025년 10월 20일,"가게 들어가기전부터 사진 크게 나오게 바뀐 이후로 너무 불편해졌습니다. 롤백좀 안됩니까? 옆으로 넘기고 싶은데 위로 올라가고, 또 옆으로 넘기고 싶은데 사진이 넘어가고, 위로 올리고 싶을때는 옆으로 넘어가고. 제발 쓸데없는짓 좀 하지말고 그냥 가만히좀 냅두시면 안됩니까?? 배민은 처음 나왔을 때 제일 완벽했고 그 이후로 계속 불편해지기만 하고있습니다."
87,송지영,2025년 9월 23일,"어플이 자동 업데이트 되면서 충돌이 있거나 오류가 있는지 배달,픽업이 가능한 가게목록이 뜨지 않고 '화면을 불러오지 못했습니다' 라는 페이지만 계속 뜨고 있습니다. 캐시 랑 데이터 삭제, 어플 재설치, 탈퇴후에도 똑같습니다. 해결해주세요"
88,찌그니,2025년 8월 8일,가게 배달 사라지고 음식 배달로 합쳐진 이후 앱 지우고 싶을 정도로 가독성 사용성 다 최악 기존에 배민 배달도 쓸데없이 가게 이름 위에 음식 사진 뜨고 괜히 보기만 불편해서 안 썼는데 이젠 선택지도 없어서 앱 자체를 안 쓰게 됨 음식 탭 넘기는 것도 음식 사진 피해서 넘기려면 불편함 UI를 바꿀 수 있는 모드가 없으면 점점 안 쓰게 될 것 같은 느낌 UI 문제라니까 문제 파악 못하고 장바구니에서 배달 유형 바꾸라는 이상한 답변을 달면 뭐 할말이 없네요 가게 고를 때 음식 사진이 너무 커서 스크롤 내리거나 옆으로 넘길 때 음식 사진이 움직이고 내가 원하는 방향으로 움직이는데 방해되는 요소가 너무 크다고요 사진 최대 갯수를 줄이고 크기도 줄여서 대표 메뉴만 보이게 하던가 누가 생각해서 패치한건지 테스트 사용도 안해보고 그냥 아무 생각 없이 업데이트를 위한 업데이트를 하는 느낌
89,rk,2025년 9월 11일,"애용자인데요 거주지역이 여러곳이어서 ""이전 주문목록을 지역별로 필터링"" 해주는 기능을 유용하게 쓰고 있었는데 금번 업데이트로 필터기능을 없애서 너무 아쉽습니다.. 이용자 편의에 부합하는 기능은 롤백도 고려해주셨으면 좋겠습니다 +창구를 몰라서 리뷰에 의견 쓴건데 바로 반영해주셔서 놀랐습니다.. 정말 감사드립니다 역시 업계 최고입니다! 항상 응원하겠습니다"
90,전승준 (마그나케로스),2025년 10월 28일,"얼마 전까지만 해도 멀쩡하게 배달됐던 곳이 거리가 멀다면서 갑자기 배달이 안 되면 면 지역은 뭐 어쩌라는 것인가? 거리가 애매해서 가기 귀찮은 곳에서 시켜먹으려고 배달 서비스를 쓰는 건데 문제가 많다. 또한 4km 이내고 뭐고 읍면 지역은 적당한 가게가 그 범위 안에 없는데, 차 없는 사람은 먹지 말란 거다. 대중교통은 음식물 반입이 거의 안 되기 때문. 요기요는 잘 되니까 4km 밖에 있는 가게에 주문할 거면 요기요를 쓰자."
91,봉명동잔나비,2025년 8월 9일,"새로 업데이트 된 뒤로는 가시성이 너무 떨어져요. 한눈에 일목요연하게 가게들이 보여야 업체를 고를텐데, 음식사진들 때문에 한화면에 2개업체 밖에 안보이니 밑에 있는 업체들은 보기가 너무 불편하네요. 도대체 생각이 있기는 한건지 이걸로 바꾼 사람이나 컨펌한 사람이나..일 좀 제대로 합시다."
92,임장규,2025년 9월 5일,안녕하세요. 배민 이용자인데 일회용수저포크 그 체크란 있잖아요 진짜 짜증나서 그러는데 그거 좀 항상 체크로 해놓지 않고 사용자한테 설정 권한 좀 주면 안되요? 진짜 그거 어쩌다 집사람한테 좀 시켜달라고 부탁하면 그거 체크안해가지고 일부러 밖에 사러 나가거나 손수저로 먹거나 해야되는데 저거 체크 되어 있는거때매 진짜 짜증나거든요. 아니면 시스템을 다른방식으로 바꿔도 되잖아요. 주문넣으면 팝업을 띄워서 환경캠페인 어쩌구 저쩌구 안내를 하던가요 아 진짜 저거 안받겠다고 자동 체크 되어있는거때문에 이렇게 길게 글 쓰고 저도 기분상해서 적어야되고 또 제 글에 답글을 다실텐데 읽으시면서 기분 안좋으실거 아니에요. 대형마트 영업 규제한다고 재래시장이 활성화됐나요? 근본적인 문제를 해결해야될 문제지 저런식의 정책방향은 잘못된거 잖아요. 진짜 진심 저 말고도 불편러들 많으실거에요. 개발팀에 적극 반영 요청하겠습니다. 이런 답변말고 제발 당장 바꿔놓을께요 이런 답변 기다려봅니다... 너무 짜증나요ㅜ
93,Jae L,2025년 9월 1일,"서울 점유도가 점점 하락하는 이유. 다른거 없이 배달속도가 느려서. 쿠팡은 주문즉시 조리를 시작하고 10번 주문하면 10번 오토바이가 배달을 하는데 배민은 도보, 자전거, 4륜자동차 때문에 1시간 넘는게 보통이고 배달 늦어서 리뷰에 쓰면 알바가 복사해서 붙여 넣는 댓글 때문에 더 정 떨어진다. 거기에 쿠팡은 사장이 맘대로 리뷰 30일 노출차단하려고 하면 바로 이의신청하고 사진증거와 사실에 입각하여 쓴 리뷰는 30일없이 바로 재노출이 라능한 것에 비하여 배민은 무조건적인 업주 친화적 운영이라 무조건 노출차단. 소비자 입장으론 쿠팡에 손이 갈 수 밖에 없다. 또한 리뷰에 쿠팡이란 단어를 금지단어로 설정한 것도 웃음벨이다. 본인들도 곧 추월당할 것을 아는 듯. 픽업또한 의미가 없다. 그럼에도 불구하고 어차피 불편한 단점은 개선이 안되고 수익은 독일로 다 옮기는데 굳이 이걸 사용할 필요가 있나? 주말에 몇 번 배민커넥트도 해봤는데 원천징수 말고 떼어가는 것도 그렇고 전형적인 악덕기업이다"
94,이단,2025년 10월 2일,얼마전에 비오는날 배민에서 음식을시켯는데 라이더가 한참잡히지않아 2시간을기다렸습니다. 그리고받은건 겨우3처넌쿠폰 .. 저 어디가서 컴플레인넣는성격도아닙니다 그냥 좋은게 좋은거라넘기는편인데 카톡으로 쿠폰받을때 3일내받으라고만되잇었고 3일내 사용하는건몰랐습니다. 겨우3일내로써야하는건 누가정해서 뿌려주시는건가요??? 받아놓으면 나중에 써도되는줄알았네요. 글고 다운로드도 따로받아야하는것도 이상해요. 바로 적용시켜주셔야하는거아닌가요? 결국 쿠폰도날리고 시간도 날렸습니다. 시간이지나도 너무 화가나네요 . 결국 소비자가 기다릴건 다기다리고 그냥 쿠폰뿌리면 답니까? 그것도 사용기간 겨우3일.. 하ㅋㅋ 시간이 한참 지나면 주문취소할수있도록하던가 또다른조치를 취해주셔야하는거아닌가요? 비오면 잘 잡히지도않고 라이더분들 그냥 일하고싶을때. 배달해줄때 소비자들이 타이밍봐서 잡아야합니까? 대처똑바로해주세요
95,김준석,2025년 10월 27일,요즘따라 배달이 안됐는데도 배달완료 알림이 너무 빨리 되는거 같네요. 몸 아파서 오늘 본죽을 시켰는데 한시간 반이 지나도록 배달이 오지 않았어요. 배달은 오지도 않았지만 배달 완료 알림이 떳네요. 한참 뒤에 결국 상담 챗봇과 연결되어 환불받긴 했어요. 더욱 화나는 점은 배달완료라고 보낸 사진이 그냥 검정색 화면이었어요. 심지어 배달완료 알림조차 기존 도착시간에서 45분이나 지난 후였어요. 소비자 입장으로써 몸 아픈날 정신도 같이 피폐해지는 기분이 좋지 않은 날이네요.
96,창현남,2025년 8월 30일,배달도 안왔는데 완료처리되서 문의하니 배달 중에 사고발생하면 이상한 문앞 사진보내고 배달완료 표시로 고객한테 표시하는게 메뉴얼이라는데 상식적으로 이게 맞는 말이라 생각하시나요? 그걸보고 고객이 전화도 쳐 안받는 고객센터에 전화하는게 맞다고 생각하세요? 안그래도 통화안되는 고객센터에 전화해야지 환불받을수 있는거네요?
97,숭이,2025년 10월 9일,음식이 너무 맛있고 시각적으로 보는 앱 구성 자체가 깔끔해서 쉽게 볼 수 있고 리뷰나 별점으로 식당의 총점을 알 수 있어 좋습니다. 그리고 시간이 살짝 정확하지 않아요. 예상 시간보다 10분 넘게 빨리 도착하거나 늦게 도착할 때가 있어요. 그래도 그거는 비나 눈 때문에 그럴 수도 있으니까 이해는 합니다. 배달의 민족의 평점이 이렇게 낮다는 게 슬프네요. 하루빨리 좋은 업데이트로 대한민국 최고 배달 앱이 되었으면 하는 바램이 듭니다.
98,JUNJUN,2025년 9월 11일,"솔직히 앱 사용환경 자체는 너무 좋았음 근데 리뷰할때 필터링 단어가 좀 어이없긴해서 이거는 알아주셨으면 함 순살인데도 뼈가 있었다 라는 문장을 쓰는데 순""살인""데도 이런식으로 그 단어를 사용할수없다고 제재해서 리뷰를 못쓰고 돌려서 말함;; 필터링 코드 수정좀 하시는거 추천"
99,윤아영,2025년 10월 11일,평소에 잘써서 리뷰 안 남겼는데 오류로 사람 1시간 기다리게 하는게 맞는건가요? 중간에서 수수료를 그렇게 처.뜯으면서 오류 하나도 잡지 못하고 뭐 어쩌자는건지 싶네요. 심지어 배민 멤버쉽 가입하고 처음 시킨거였는데 어쩌자는건지;; 똑바로 좀 하세요
100,TK N,2025년 9월 27일,업데이트하면서 기능들 보기가 많이 불편해졌고 어찌 된건지 서비스 상태가 엉망인 매장들이 많네요. 그런다고 건의할수 있는곳도 없고 개선할 부분이 한두개가 아니네요. 고객 건의함 같은 기능이랑 개인적으로는 지정된 가게 차단하거나 숨기는 그런 기능 하나 넣어줬으면 좋겠어요
101,검고,2025년 10월 20일,"만날 말로만 마음 무겁다고 하면서 결국 끝까지 개선 시도조차 안하는 걸 보고 포기합니다. 리뷰만 573개에다가 평균 4.9점이었는데 이번달 배민클럽 기간만 지나면 바로 해지하고 탈퇴할 예정. 마지막으로 아래의 이유들 때문에 탈퇴하는 것임을 말할테니 개선 좀 하기를 진심으로 바람 (참고로 서울 지역 배달 1위 뺏긴거는 결국 자업자득이라고 생각함. 이제 이탈은 점점 더 심해질거임) 1. 본인들 라이더 배차 문제이면서 알림 없이 은근슬쩍 도착예정 시간 수정하는 거 고치기 2. 조리 시작과 배달 시작 사이에 반드시 조리 완료를 추가할 것, 본인들 문제를 가게 잘못인 것마냥 표기하는 거 정말 역겨움 3. 명백한 다중배달이 적발되어서 자료까지 있는데 당사에서는 절대 불가능하다는 기만질과 거짓답변 그만하기 4. 고객이랑 기싸움만 해대는 상담원들은 재교육 필히 하기"
102,이제이,2025년 9월 20일,업데이트했더니 기기자체에서 로그아웃되면서 신규기기 로그인이라고 뜸 가게가 조리중인데 자꾸 위에 팝업은 주문확인중이라 뜸 아니 팝업 시스템 왜 바뀐건가여 폴드7쓰는데 이상하게 바껴서 개불편해요;;;깔끔했던걸 디자인 다운그레이드에 버그까지...
103,토시,2025년 10월 21일,"만나서 카드계산으로 배달을 시켰는데 메뉴 배송이 잘못와 배민 고객센터를 통해서 환불 문의를 했더니 앱을 통해 계산한 메뉴가 아니라서 가게에서 직접 환불을 해줘야 한다, 시간이 걸릴 수 있다 양해 부탁한다고 답변이 와서 기다리다보니 시간이 일주일이 지나도록 환불이 안되어 다시 문의 하니 빠른 입금처리 된다, 시간이 걸릴 수 있다 말 하고 다시 또 일주일이 걸려서 마지막으로 다시 문의를 하니 가게 부재중으로 당장 연결이 어렵다 하고 도와줄 수 있는게 없다고 하네요. 이젠 거의 한 달째 환불이 안들어오고 있는 상황이고 업체에서 이렇게 배째고 환불 입금을 안하면 배민에서라도 환불을 도와주고 추후 가게에 패널티든 금액 징수든 해야 하는거 아닙니까?"
104,오치환,2025년 9월 23일,화면을 불러오지 못했어요가 계속 나와서 주문이 불가능합니다 연결상태가 일시적으로 불안하다고 뜨고 재설치 캐시삭제 데이터재설정 다 해봐도 안되요 웃긴건 다른 사람 폰으로 제 아이디로그인해서 하면 됩니다 해결 좀 부탁드려요 저 굶어죽으면 안돼요
105,봥퇀쏴뢍,2025년 10월 9일,라이더가 한 시간 넘게 배정되지 않았습니다. 계속 시간은 기약없이 미뤄지고 결국 기다리다 지쳐 주문을 취소했습니다. 배달앱에서 오랜 시간동안 매칭될 라이더가 없으면 애초에 주문을 막거나 앱을 막아야 하는 거 아닙니까? 고객 시간을 이렇게 낭비해놓고 책임도 지지 않는 건 많이 실망스럽습니다. 적어도 라이더가 안잡히면 사전 고지를 해주는 등의 조치가 필요하다 생각합니다.
106,이뽀솜 asmr,2025년 10월 24일,"실망스럽네요. 이전에는 사용하기 쉬웠고 업데이트할 수록 보기 불편해요. 취소는 당하는 편이지 1년에 취소 한번 할까 말깐데 문의하면 한시간이고 뭐고 다 지나서, 배달 시작한 후에 대응하니 취소하기도 뭐해요. 일부러 이러나"
107,서영,2025년 9월 12일,별 한개도 아깝다 배달기사들 공동현관출입사용 교육을 하던지. 비번 누르지말라고 적어놨는데. 여기첨이라 그런거 모른다고 안아무인. 그럴거면 배달기사를 왜하지. 기본적인 배달요청사항도 안되면서. 그러면서 째려보고 가는건 머야. 이건 머 먹기전에 기분만 상하고. 사람들이 여길 안쓰는이유가 다있네. 음식하나시키고 진짜 기분더러움.
108,JH Lee,2025년 10월 1일,"배달 문제로 문의하려는데 조금이라도 복잡한 문의는 하지도 못하게 죄다 챗봇으로만 받고 있고 통화걸면 5분을 기다려도 연결 안된다고 끊어버리고... 피크타임엔 상담사 인원을 더 고용하기라도 해야지 그냥 상담 창구 메뉴에 상담 어렵다고만 띨롱 띄워두고 뭐하는건지 모르겠네요 이렇게 상담원분들도 충분히 배치 안해두고, 옆건물에 잘못간 배달 재배송 요청했다가 배달다시 오기전에 옆건물에서 다시 받았는데, 라이더님께 알려드릴 창구가 전화요청말고 하나도 없는게 말이 됩니까? 괜히 헛걸음만 하게 하시고요;; 운전하는분들이 전화를 항상 할수있는것도아니고;"
109,ilsky1024,2025년 10월 7일,유료멤버십을 이용하는데도 배민에서 라이더 배차를 이상하게 해서 이틀 연속 주문 1시간10분 이상이 경과할때까지 음식 픽업조차 안 돼서 취소했습니다. 모르긴 몰라도 또 욕심내서 배달료 최대한 덜 주려고 기를 쓰고. 악을 쓰고 노력을 하신 결과겠죠. 바로 멤버십 해지했습니다. 겸손과 감사가 없는 기업의 끝은 다 똑같습니다
110,고태영,2025년 10월 26일,알뜰배달 시키고 조리완료 후 라이더가 픽업을 안해서 음식이 늦게온 게 벌써 3번째입니다. 당연히 음식은 식고 불고 맛없어지고;; 그러면 주변에 라이더가 없다고 안내사항이라도 써놓던지 주문 동시에 라이더도 연결을 해주던지 개선을 좀 해야 되는 거 아닙니까? 돈 받고 서비스 하는 건데 이럴때마다 너무 별로라는 생각이 드네요.
111,고진영,2025년 10월 24일,치킨 배달 시키고 2시간만에 받았다. 그것도 1시간 전에 조리 완성된 걸 갖다줘서 다 식어빠졌고 리뷰 썼더니 게시 중단까지 시키고 이유 설명도 없다. 이유 설명들으려고 고객센터 쳇 남겨둬도 1시간 넘게 답도 없네. 얼마나 일을 잘하면 고객 불만이 넘쳐나서 대응하는데 시간이 걸리는 건지 아니면 그냥 시간만 끄는건지.. 제대로된 리뷰 가릴거면 리뷰를 못 쓰게 하던지ㅉㅉ 결국 대답은 근거도 없이 업주가 게시 중단 요청하면 1달간 중단해준다...라네ㅎ 짜고 치는 고스톱?
112,CB크루,2025년 9월 1일,왜 둘이 같은핸드폰기종에 같은 집 사는 사람인데 어플이 안에 들어가면 다르게 나옴...? 업데이트도 잘 안돼있고 한쪽거는 다바뀌어있고 웃긴게 둘다 버전확인하면 같은 버전인데 왜이럼..? 그냥 ui이가 아예다름 뭐 만진것도 없음 한쪽 폰이 좀 옛날 디자인나옴 부분부분 근데 어떻게 같은 버전이냐고
113,김주승,2025년 10월 13일,"수저포크X를 기본 설정으로 두어서 환경친화 이미지를 챙기려 하더군요. 근데 그 불편함을 왜 사용자들이 감수해야 되는거죠? 이미지는 이미지대로 챙겨먹고, 불편함은 사용자에게 전가하기 ㅋㅋ 이거 완전 날로 먹네? 배민 대표 면상 기억해뒀습니다. 저랑 마주치기 전에 기본설정 선택할 수 있게끔 바꾸세요. 마주치면 줘패벌라니깐. 가끔씩 까먹으면 개빡치니까 바꾸세요. 수저포크 자력으로 못쓰게 손모가지 이쁘게 만들어드림."
114,Baby cat nuri,2025년 9월 7일,배민 전용 배달 단점 1. 음식이 누락되어서 가게에 전화하면 배달원이 안가져감 2. 재배달하면 위에 백그라운드 확인안하면 위치 조회 못함 3. 음식이누락된 배달건이 완료 되면 음식 재배달건 위치 조회못함 4. 고객센터에 문의하면 2주간 사용가능한 2천원 할인권 받고 떨어질 수 있음 맛있는 음식집은 많은데 배달이 안좋음..
115,박일주,2025년 10월 31일,"집에서 배달음식 주문하려고 켰는데 배달 가능한 음식점이 전혀 안뜹니다. 그래서 도시로 이사를 했더니 배달 가능한 곳이 뜹니다. 시골 사람에게 좋은 앱은 아닌것 같습니다. 배달음식 먹으려고 이사까지 해야는건 정상이 아니죠. 이 앱은 분명 대다수의 사람에겐 아주 좋은 어플이지만, 얼마전 저한테 10000원 할인 쿠폰이 지급되었다며 앱을 켜게 해놓고는 정작 음식점이 하나도 뜨지 않았던 경험은 매우 불쾌했습니다. 이런식의 소비자 기만은 좋지 않습니다. 보편적으로 누릴 수 있어야 혜택인것이지, 마치 전국 어디든 될것 처럼 말해놓고 산간오지같은 극지도 아닌 평범한 농촌에서는 사용할 수 없다면 이건 사기입니다."
116,박태윤,2025년 8월 24일,"가게배달시키니 주문한지 한시간이 되도록 라이더 배정도 안되고, 이런일이 한두번이 아니네요. 배달료가 낮은 콜은 배정이안되는건지 쓰면쓸수록 사용자 경험이 최악이 되고있습니다. 배달 완료되도 문자안와서 음식 다 식은것도 한두번이아니구요"
117,Ingyu Shin,2025년 9월 1일,도착 예정 시간이 실시간으로 바뀌는데 주문시 최초 예정 시간은 어디 표시 해야 되는거 아닌가요? 함께 주문으로 주문시키는데 20분 예정이라 시켰는데 에정시간이 바껴서 표기 되니까 저 보고 왜 늦게 오는거 시켰냐고 욕듣고 있는데 이게 맞나요? 배달 지연 회피 하려고 이렇게 하신건가요? 흠...
118,주종수,2025년 8월 15일,진짜 타앱 쓰세요.. 여기는 지연이 너무많아...기사안잡혀 지연...얼마나 걸리냐고 묻고 싶어도 상담사 연결도 지연.... 그냥 지연에 지연을 더 함..배민클럽 돈주고 사용중인데 이제는 더 이상 참을 수가 없어 지우고 타앱쓰려합니다.. 내가 고객센터에 3번 이야기 한 것 같음...지연되는거 못막겠으면 돈 더 받는 한 집 배달이라도 없애라고... 근데 그건 돈 더받아먹어야되니 못없애겠고...지연되면 걍 사과하고 말지뭐~ 하면서 넘어가고.. 이젠 정이 뚝 떨어진다.
119,Js H,2025년 9월 4일,"배민, 쿠팡이츠 2개 앱 사용중입니다. 과장 1도 없이, 배민에서만 오배송이 정말 자주 발생합니다. 뭔 이상한 문 사진 띡 보내놓고 몇 분 기다려야하는게 너무 싫어서 이제 배민 완전히 지우려구요. ㄹㅇ 망하기 싫으면 정신차리세요...; 오배송 왜이렇게 자주 쳐 나오는거임."
120,yh S,2025년 9월 6일,"같은 가게이면서 간판, 상호명만 바꿔서 음식 파는 곳이 너무 많은 것 같은데 원래 이게 가능한건가요?? 같은 메뉴여도 가게 하나씩 둘러보고 고르는 편인데 결국 그러다보면 괜히 기분만 나빠집니다."
121,조준영,2025년 8월 13일,이전 어플이 보기가 더 좋은듯 음식점 리스트에 사진까지 노출되니 더복잡게 보임 않그래도 음식점 리스트가 많은데 구지 복잡하게 음식사진까지 노출시켜서 더 어지럽게 만드느지 모르겠음 다른 배달앱으로 갈아탈까 고민중 아마도..
122,JW H,2025년 8월 24일,별 1개도 아까움. 마이너스 ☆-100. 음식도착시간이 지났는데도 라이더 배정조차 안됨 주문시간 30-40분씩 음흉하게 도착시간만 한참뒤로 숫자 늘어만 나있고 안내문자 단 1글자도 안옴. 몇년째 계속 후퇴중 얼마나 더 나빠질까 서비스업 맞나? 문제 개선이 전.혀.안.됨 해외 배당금 줄 돈으로 시스템이나 라이더 시스템 업데이트나 좀 하길. 갈수록 후퇴. IT 부서 없어졌나라는 생각밖에 아니면 윗에서 최소한 관리만 시키는중이던가 애꿋은 상담사한테 뭐라하기도 참... 전화건 채팅이건 연결 최소 5-10분. 기본 15분이상 전화비 낭비하며 연결되니 좋은기분으로 말하는게 힘듬. 돈 해외배당으로 다 퍼줘서 없나요? 동네 구멍가게 CS 시스템도 이거보다는 나을듯 진짜 초창기 보다 더 본질 서비스가 나빠짐. 개선사항 전달???한다는데 전달하는데 이러는거면 진짜 지능이슈있는거라는 생각밖에 안들정도임 일부 알뜰 밖에 안되는데 3-4곳 픽업하고 음식주고 오는거 알텐데 관리모니터좀 하시길
123,Woodstock,2025년 10월 6일,한그릇 메뉴에서 '지금은 주문할 수 없는 메뉴에요 다른 메뉴를 주문해보세요' 뜨는 이유는 뭐예요? 매장 하나만 그런게 아니라 여러 매장이 반복적으로 떴다가 사라졌다가 하는데
124,ChouChou,2026년 1월 3일,"신청한적도 없는 배민 뭔 정기클럽? 같은걸로 돈이 3번이나 나갔는데 별도의 보상 없고 환불은 제일 최근것만 가능해요. 그래놓고 무슨 환불은 또 정기 결제일이 아니라 다음날이 되야 가능하고... 뭐 어쩌라는건지... 별도의 보상을 준비하든 하시는게 좋을듯 해요. 고작 달에 2천원, 작은 돈이어도 원하지도 않는걸로 돈 나가는건 좀..."
125,구영준,2026년 1월 10일,"우리 동네는 배달이 많은 편인데도 12시 넘어가면 배달이 안오네...30분이였던 예정 시간이 1시간 1시간반은 부기지수고, 눈왔다 하면 3시간 지연 걸리고 결국에 안와서 가지러 걸어갔다는거... 정상영업이 안되면 차라리 단축을 하는게 맞지 않나 싶을 정돈데..기사가 주문대비 감당이 안되면 탄력적으로 마감시간을 조절해주시면, 타 업체라도 이용해서 먹지요, 가게 배달이나...조리시간 때문에 다시 주문하기도 그렇고;;; 막상 가보면 아 주문다른데하는게 맞았네 할때도 있고...50분 안쪽으로 배달 안될것 같으면 시스템 조기 마감해주세요 차라리...그리고 무조건 환불 보단 개인적으로는 재조리 위주로 가야될것 같고, 가게 사장님들께는 죄송하지만 30분정도 더 하다 가신다 생각하시면 고정 고객이 생길수도 있는거라...물론 앞에 30분 늦게출근. 오배송으로 더 늦어진탓에 취소를 했는데 마음이 좋진 않네요...재주문+본 상품값지불, 사장님들도 다 말고 하시겠다는 분 위주로 마감운영상점한해서하면..."
126,피유,2026년 1월 6일,"혜택을 줄거면 다주던가 선착순으로 주는것도 짜증나고 배민클럽 이용중이면 탈퇴도 안되고 고객센터 연결도 어렵고 바쁠땐 지들 멋대로 배달주문도 못하게 막고 픽업만 가능하게함 픽업할거면 배민을 왜 씀 가격 올려받는데 그냥 전화로 주문하거나 가서 먹지 그리고 사장 마음대로 리뷰 지울수 있게 한것도 짜증남 이유가 있으니 안좋게 쓰는거지 일반 사람들을 다 블랙컨슈머 취급하네 지들이 무슨 억대 버는 사장도 아니고 경쟁업체 운운좀 그만 했으면. 니들 그정도 아니세요.. 그동안 배달 주문 달에 50~ 100만원 가까이 시킨적도 많은데 환불받은건 3번정도 밖에 안됨 (음식 파손, 변질, 이물질 때문에) 이제 다시 탈퇴하고 배달 끊을까 생각중임 그리고 가게 한곳에서 이름이랑 메뉴만 바꿔서 여러개 만들수 있는 시스템 좀 막으세요. 상호명 보면 이름이 다름 ㅋㅋ 한 가게에서 막 2~3개씩 내고 있음 맛도 그렇고 위생이 어떨지 안봐도 뻔하다 그리고 알뜰배달시 가게측에서 라이더 누군지 알수있게 공개하셈 불안함"
127,Yd Y,2025년 12월 31일,학을 떼고갑니다. 22시 07분에 결제했는데 24시 03분에 배달 됨. 어찌나 시간이 계속 지연이 되는지 나중에는 예상 도착시간 업데이트도 안됨ㅋㅋㅋㅋㅋ 결제할때부터 2시간 걸린다고했으면 차라리낫지 이건뭐 야금야금 수시로 계속 시간만 늘어나고 정도가 지나친거같음. 오늘 계정 탈퇴했고 앞으로 재가입 의사 -100%입니다. 고생하세요.
128,김상훈,2026년 1월 4일,"진짜 최악입니다, 고객센터 채팅상담 운영 안하면서 원활하다고 거짓말치고(30분 동안 연결 안되고 지연 안내만 옴) 전화상담 해서 1시간 넘게 배달 안온다 말했더니 대뜸 동의도 안하고 주문 취소하고 죄송하다고 말하면 그냥 끝인가요? 기다린 사람을 뭘로 생각하고 하는 짓인가요? 그리고 미안하다고 쿠폰 3천원 준다면서 그건 또 왜 안줌? 그냥 거짓말만 하고 배달은 못받고 굶고 잡니다. 한 두번이 아니라 이런 비슷한 일이 주문 5건 중에 한 번은 꼭 있음, 진짜 개선하세요. 새벽에 배달을 하질 말던가 대응이나 똑바로 해주던가, 거짓말을 하지 말던가. 뭐 하나 지켜지는게 없냐"
129,림지우,2025년 11월 20일,조리완료가 18시03분에 완료됐다고했는데 38분에 배달을 시작했습니다. 가게 측에 물어보니 배차는 10분에 되었는데 라이더가 28분뒤에 온거라고 하더군요.. 그냥 배달 많이 할려고 미리 잡아논거 같은데 제 입장에서는 카페에서 아이스 음료를 시켰는데 얼음이 다 녹아있었습니다... 개선이 필요할거같습니다. 이런일이 한두번이 아닙니다. 특히 카페처럼 조리완료가 빨리되는 상황에서 비일비재합니다.
130,Charles Joo,2025년 12월 24일,오배송이 잦아요. 어떤 지도를 베이스로 쓰는지 모르겠지만 배송기사들이 지도앱에 찍힌 곳이 엉뚱한 곳으로 안내한다고 해서 다시 가서 픽업해 오는 일이 빈번히 발생합니다. 지도 앱 수정이 필요해보입니다. 그리고 대면해서 받는다고 해도 사진만 찍고 배송완료라고 하고 고객센터 전화해야 다시 가져오네요. 이제 다른 어플 사용합니다
131,정예린,2026년 1월 13일,배민 알뜰배달 잘 사용은 하고 있어요. 맨날 이용하니 정액권 이용합니다. 다만 기사님들이 신나서 가는 도중에도 여러 개 잡으시던데... 이거 다른 것도 아니고 음식 배달인데 기사님들이 이해 안 가는 건 아니지만 소비자 입장에서는 불편합니다. 갯수제한 또는 패널티를 주셨으면 좋겠습니다. 항상 가게도 배민 정책 탓하기 급급하고 쿠폰 1500원인가 그런 것도 기간 있는 것도 웃기고... 뭐랄까 대응이 좀 미흡하다고 보여집니다 그리고 리뷰 작성 필터 기능 있었으면 좋겠어요. 쉽게 찾을 수 있게요 그래요. 효율적인 ai를 사용했겠죠. 배민이 수수료를 효율적으로 얻기 위한. 기사도 가게도 소비자도 매번 불만인데. 그저 효율적인 ai라는 핑계라. 그렇다면 조금 더 세분화 된 명령을 기입해서 운영되어야 하는 거 아닌가요? 이건 팀 내에서 결정이 아니라 대표에게 전달되면 좋겠네요.
132,Lion Lion,2026년 1월 14일,배민 비마트 잘 이용하고 있었는데 최근들어 라이더배차가 안되어 두번이나 몇시간 기다리다 취소했습니다 기사들이 배민만 싫어하나 싶을정도로 동시간대 다른 매장에서 시킨건 평소처럼 제시간 잘 도착하는데 어떻게 된건가요? 이부분 알아보고 조치를 취해야 할것 같습니다. 하도 라이더 안잡히고 배달이 안되니 비마트끊고 다른 장보기슈퍼 이용해야 되겠네요 급할때 배송되는 특장점이 있었고 배민클럽까지 가입해서 쓰고 있었지만 이제 다 해지해야 겠어요
133,배은진,2025년 8월 8일,가게에서 메뉴 누락으로 부분환불 받으려했는데 1.매장에 직접 통화는 안되고 문의채팅으로 해야함. 2. 상담 내용을 잘못눌러서 취소하고 싶었는데 자동 동기화로 변경이 안됨. 3. 3분이내로 답없으면 상담 자동종료됨<<<<<<여기서 극대노 하고 리뷰쓰러 왔습니다. 상담자분은 4~5분 뒤에 답을 주시는데 저는 폰을 계속 보고있어야하나요? 심지어 이전 문의 찾는것도 불편하게 되어있음. 덕분에 배달 온 밥도 못먹고 폰만 들여다보고 있었네요.
134,S S,2025년 10월 28일,"픽업을 하는 경우에도 배달하는 경우와 동일하게 수수료를 받는 걸 보고 너무 어이가 없었습니다. 3만5천원 중 4천원은 그냥 배민에 지불하는 수수료더라구요. 그냥 내 돈 뜯긴 느낌입니다. 식당 사장님께 그 돈을 드리는 게 더 낫지, 내가 직접 주문해서 내가 픽업 가는데 배민에게 왜 돈을 줘야하는지 모르겠어요. 플랫폼 이용료라기엔 떼어가는 돈이 너무 많은 것 같습니다. 알았다면 가게에 직접 전화해서 픽업했을 겁니다. 배달할 때도 배달료는 따로 지불하는데 픽업과 배달 모두 배민에 주는 수수료는 동일해서 그 부분이 불합리한 것 같습니다. 앞으로 픽업 주문할 경우 배민 이용 안하고 그냥 최대한 가게에 직접 연락/주문하려고 합니다."
135,김니케,2025년 10월 31일,"가게와 거리는 가깝지만 배달이 안되는 곳이 많은데, 소비자 입장에선 그런곳 따로 표시 할 수 없다는게 너무 불편합니다. 그렇다고 업주가 공지를 올려주는것도 아니니 전화해서 따로 물어야 하는데, 그럴거면 배달앱 왜 씁니까? 고객이 배달불가 가게인 사실을 표시 할 수 있게 해주던가, 목록에서 뺄 수 있게 했으면 좋겠네요."
136,Wounsuk Rhee,2025년 11월 1일,1점도 아깝습니다. 조리가 완료되었는데 라이더 배치가 안돼서 조리 완료 시점부터 배달 완료까지 1시간이 넘는 경우가 있었고요.. 다음 주문할 때에도 30분이 넘도록 라이더 배치가 되지 않아 제가 직접 픽업하러 갔습니다. 고객센터에서 이 사실을 알았는지 죄송하다고 전화가 오며 한집배달 4000원 쿠폰을 주더라고요. 앞으로 다시는 이 앱으로 주문 안할텐데 인앱 쿠폰이 무슨 의미가 있나 싶습니다. 사용자 잃지 않도록 플랫폼 개선에 신경 좀 쓰시면 좋겠습니다. 애당초 플랫폼으로 흥한 사업 아닙니까.
137,Sunny Ahn,2025년 10월 27일,"한시간동안 출발도 안하길래 고객센터 문의해도 매장과 연락이 안 된다고 모른다고 합니다. 배차가 안 잡힌건지 요리를 안 한건지는 모르겠는데, 관리도 안 되고, 배차도 안 되고, 연락도 안 되는 플랫폼을 쓸 이유가 없어 삭제합니다. 답글이 달려 추가합니다. 수년간 배달의민족을 사용하면서 기상이나 시간대에 따라 지연이 발생하는 점 충분히 이해했습니다. 그러나 당일 기상 상황은 아주 양호하였고, 주문이 몰릴 것을 고려해 이른 저녁에 주문하였습니다. 또한 가게배달은 늦어질 수 있다는 공지를 확인하고 한집배달로 주문했음에도 앞서 언급한 상황을 겪었습니다. 상황을 고려하여 지연 도착을 감안하여 주문을 진행했습니다만, 결과는 1시간이 다 되도록 배차도, 조리완료도 되지 않는 대기화면뿐이었습니다. 그런 실망과 불쾌함을 다시 겪고 싶지 않습니다."
138,양지현,2025년 12월 4일,"배민 자주 이용하는데 오늘 배달지연땜에 상담사 연결은 물론 챗봇상담도 안되서 실망했어요. 알뜰배달로 주문했는데 기사님이 너무 안오셔서 가게측에 전화를 해봤는데 가게측에서도 기사님의 정보를 알 수 없다고 하네요.. 15번 넘게 전화거니까 그제서야 상담사 연결되고요., ㅠ(연결될때까지 또 기다려야함) 환불은 받았는데 배달비도 넘 많이 떼가고 그래서 다시 이용은 안할듯요"
139,야채빙수,2025년 12월 18일,유튜브 프리미엄 계정 연결 오류로 변경하고 싶다고 하니 해지하고 다시 가입하라고 함. 해지하니 아무것도 사용안했는데 일할요금 계산되고 재가입하려니 할인가도 적용 안됨. 사전에 알림도 없었음. 바로 탈퇴하고 어플 지움. 돈내고 앞으로 본격적으로 더 써보겠다는 사람을 이렇게 대하면 안된다고 봄. 미리 안내라도 해주던지. 앞으로 다시는 안쓸 듯 쿠팡이츠랑 요기요 땡겨요로 갑니다.
140,론,2025년 12월 17일,오랫동안 불편해도 쓰고 있었는데 어느순간 성인인증 풀리면서 인증안되고 인증안되는 이유가 입력된거랑 다르다고 안되는데 똑같아도 안되고 입력된걸 변경할려고해도 안되고 결국 로그아웃되더니 로그인도 안되네요. 이딴 앱이 어딨습니까? 입력된거랑 폰 번호가 다르더라도 변경도 안되는데 명의가 같은 번호로 인증해도 다르다고 안되면 그냥 하지말란거죠. 그래서 지웁니다.
141,JinJu Kim,2025년 12월 6일,"고객응대가 끔찍함. 음식이 2시간째 오지 않아 조치를 취해달라 문의했으나, 도착하지도 않은 음식을 회수할 수 있도록 내놓지 않으면 환불이 불가능하다함. 인터넷에 찾아보니 비슷한 사례가 너무 많음.. 다른 어플 많으니 그쪽을 추천합니다~"
142,노네임,2025년 11월 17일,"음식 오배송으로 배민측에 문의했으나 가게와 연락이 안된다며 아무 조치도 취해주지 않음. 환불은 상담사 권한이 아니라면서 기계적 답변만 하고 회신을 언제까지 기다려야 하는지, 음식은 언제까지 보관해야 하는지 등 문의에도 일절 대답해주지 않는데 어쩌라는 걸까요? +) 상담사 답변과 여기 리뷰에 달린 답변이 거의 똑같습니다. 그 정도 해결도 못할거면 가게에다 수수료는 왜 받는지? 배달어플 쓸거면 그냥 다른거 쓰는게 낫다고 봅니다 이제"
143,치치,2025년 11월 16일,"매달 15번씩 주문하던 사람인데 다시는 사용 안 할 예정. 진짜 이해 안 되는 상황이 너무 많아서; 배달 1시간 반 걸리길래 전화했더니 기사가 제 주문도 제대로 확인 안 하고 퇴근해서 결국 2시간 넘는 시간만에 배달 받음, 당연히 음식 다 식어서 환불 요청, 환불 후 회수하러 온 기사가 벨 누름 새벽인데 ㅋㅋ 기존 주문 요청사항에 벨 누르지 말아달라고 한 거면 기사한테도 전달해놔야 하는 거 아닌가요? 일 좀 똑바로 하세요"
144,장원재,2025년 11월 6일,예전같지 않네요. 배달도 엄청 느려지고 음식 다됐는데 배달원이 픽업도 엄청 늦게 하고요. 점점 배달원이 많이 준 듯 하네요. 이제 더 안쓰고 삭제하겠습니다. 배달을 시켰는데 배달원때문에 스트레스를 더 많이 받아요. 쿠팡이츠 쓰겠습니다. 배달 빠르고 문제 없어서 좋더라구요.
145,Ami Kim,2025년 12월 5일,한집배달인데도 1시간 동안 기사 수급 안되고 있어서 기다리다 못해 직접 가서 받아왔는데 배달비는 왜 받아가나요? 기사 계속 안 잡힌다고 물어보려고 해도 채팅 막혀있고 전화도 배달현황 물어보면 자동 응답만 나오고 진짜 화나네요. 배달 기사에 투자 좀 하셔야 하지 않을까요? 기사 없어서 배달 지연되는 경우가 요즘 특히 더 심해진 거 같아요.
146,jh jh,2025년 10월 30일,몇년전 식당에서 이만오천원에 주문 가능했던 메뉴가 지금은 삼만오천원+배달료 별도or배민멤버십 비용 들어요. 식당 주인한테 듣기로 수수료가 30%나 한다더군요.. 여러분 삼만오천원 보쌈시킨다 생각하면 만오백원이 외국 기업 배민에서 떼가는 돈입니다.. 독일기업이라고 최종적으로 유럽의 미친 외식물가를 한국에 적용하는 게 이 기업의 목표인가 싶을 정도예요. 비용은 식당에 청구하지만 결국 소비자가 부담하는 거잖아요? 한국 요식업 물가상승의 주범이에요. 제발 취지가 좋은 다른 대안앱들 찾아서 쓰시면 좋겠어요.
147,코로,2025년 11월 24일,한집배달을 쓰는 이유가 배달을 빨리 받으려고 하는거 아닌가요? 근데 조리완료에서 배달기사 픽업까지 30분넘게 걸리고 배달시간까지 포함하면 거진 4-50분인데 한집배달쓰는 이유가 없네요? 한두번은 그려러니 했는데 매번 이러는데 진짜 배민 더 이상 못쓰겠네요 논란있을 때에도 꿋꿋이 배민 썼었는데 이젠 쿠팡이츠로 넘어가는걸 진지하게 생각해봐야 겠습니다.
148,그김누,2025년 11월 8일,알뜰배달 시키면 라이더가 정해서 여러곳 들르는 게 아니라 라이더한테 배달 정해진 순서로 하도록 정해서 준다면서요? 덕분에 음식 픽업 후 1시간 걸린 배달 환불하기도 지쳐서 에프에 돌려먹었습니다. 알뜰배달 최대 몇건까지 배정되는지 고객센터 분은 다른 부서 내용이라 모르겠다고 하시네요. 저도 소비자가 어떤 퀄리티의 서비스를 제공 받을지 모르는 알뜰배달을 이용할 이유가 없네요. 앱 삭제했습니다. 감사합니다.
149,이은규,2025년 9월 11일,"내 배달 콜의 여부를, 주문받는 곳에서 알 수 없다고 함. 배민 고객센터에 문의하라고 함. 문의를 함. 전화를 줄테니, 전화 올때까지 먹지 말라고 함. 전화가 2시간 가량 후에 옴. 일부 메뉴가 누락된건데, 누락된걸 따로 보내주는 것도 아니고, 전액환불할테니 먹지말고 내놓으라고 함. 기사가 와서 수거해가고, 환불받음. 10시 넘어서까지 저녁 못먹고, 빡쳐서 다른메뉴 시킴. 그 뒤로, 배민 고객센터에 문의하라고 하니까 그냥 열받아서 메뉴 누락된채로 쳐먹고, 배민 바로 탈퇴하려고 탈퇴 메뉴 들어감. 배민클럽 활성화 상태에서는 탈퇴가 안됨. 배민클럽 해지함. 다음 결제일까지 해지가 안 됨. 해지 대기하는 동안 계속 전에는 온적없던 혜택 알림이 옴. 싹 다 무시함. 일주일 넘게 지나서, 해지 됨. 해지 되었다는 알림도, 다시 찾아달라는 얘기도 일절 없음. 깔끔하게 배민 회원 탈퇴 후 앱 삭제. 앞으로도 다시는 사용할 의사 없음."
150,누뗄라,2025년 8월 3일,업데이트를 하면 할수록 이용하기 불편하게 만드는 이유를 모르겠어요. 가게 로고나 대표 이미지로 되어있어서 가게 구분도 편했는데 음식 사진으로 바꿔놓고 가장 최근 업데이트 이후로는 왜 바꿔놓은건지 한 화면에 여러개가 보여서 둘러보기 편했는데 한두개밖에 안보이고 넘기기도 좀 불편하네요
151,J Lee,2025년 10월 10일,"거지같은 고객센터. 배달누락으로 취소요청하면 멋대로 한참 걸려 재배달하고, 심지어 멋대로 더 싼 다른 물건을 보내놓고 환불 안해줌. 고객센터는 아무런 도움도 보상도 안주고 말도 안통하고(외국인?) 사과는커녕 오히려 놀리듯이 더 도울 거 있냐고만 해서 가게에 직접 전화하는데 가게는 더 양아치라 아무것도 안하고 오히려 협박. 리뷰는 한 달 가려짐. 도대체 왜? 모두 녹취하여 소보원, 공정위 제소중."
152,머머머머머머머머,2025년 12월 18일,진짜 이딴앱 쓰지마세요 배달소요시간 20분이면 막상시키면 조리후 30분뒤 라이더픽업ㅋㅋㅋㅋㅋㅋㅋㅋㅋㅋㅋㅋㅋ그때부터 배달시작ㅋㅋㅋㅋㅋㅋㅋㅋㅋㅋㅋ 내가 정가주고 차갑게 식은국물 왜먹어야되는데요? 가게에서 조리완료 눌러도 계속 라이더 배차안되는거 실화에요? 뭐 어떻게 하면 어플을 이렇게 비효율적으로 멍청하게 굴릴수있는지 참 그것도 재주라면 재주네요 망하고싶어 환장한거같은데 곧 그렇게될거같네요
153,Dudi Ayeh,2025년 8월 1일,"요즘 배민 '한그릇'주문을 자주 이용하고 있는데 가장 자주 찾는게 프래쉬한 음식 (샐러드, 키토김밥 키토비빔밥 등 키토음식, 포케 이런 다이어트 음식)인데 한그릇 서비스에선 해당 음식의 카테고리가 없어서 전체 카테고리에서 음식을 하나하나 내리면서 찾아야해서 불편해요. 원래 패스트푸드 카테고리에 버거, 샌드위치, 샐러드류, 키토김밥류 다 함께 묶어져있었는데 갑자기 버거 카테고리가 따로 생기더니 샐러드류를 포함한 모든 다이어트음식이 모두 전체카테고리에서만 볼수 있네요? 보니까 샐러드를 포함한 프래쉬음식(클린음식)들의 갯수가 적은것도 아니고 꽤 많은데, 왜 이건 따로 카테고리가 없는지 의문입니다. 내가 찾는건 다이어트 음식중에 국한되어있는데 피자, 치킨, 김치찜, 족발, 곱창.....진짜 이런 모든 종류 음식을 다 내리면서 곳곳에 숨어 있는 샐러드와 포케를 찾으려니 밥시키려다가 진이 빠집니다..."
154,박민지,2025년 9월 15일,"사람마다 동일한조건이지만 배달비적용이다릅니다 누군무료고 누군1300원내게끔되어있습니다. (유료서비스미이용, 동일시간대동일주소주문조건,첫주문아님) 그러한 차이에대해서 내부사정이라설명못하는회사입니다. 계속적으로 이어플만사용했던고객으로써 몹시실망스럽습니다. 게다가 내부컴플레인채널도 전화고객센터(외주)연결밖에없습니다."
155,Kyeongjin Kim,2025년 8월 28일,"앱으로는 주문만 가능하고, 취소는 안됩니다. 주문 후 2시간 지나서야 주문취소하고 환불 받을 수 있었습니다. 채팅, 전화연결도 안되고. 가게에서도 1시간 40분 지나서 배차안된다고 연락받았고, 가게에서도 배민 연락이 안되니 주문한 사람이 연락해서 취소하라는 안내 받았습니다. 지연사유도 가게 연락통해 안내받을 수 있었네요.(배달기사가 배차후 취소)"
156,쥬콜라,2025년 10월 3일,"리뷰 관리가 너무 가게 측에만 유리하게 설정되어 있는 것 같아요. 이전에 하도 이상한 리뷰테러가 많았으니 상황에 따라 어느 정도 제재를 하는 건 이해하겠는데, 그냥 밑도끝도 없이 별점 5점 아닌 리뷰+정당한 불만 제기까지 30일 동안 못보게 그저 업체 요청으로만 일방적인 차단해버리는 건 좀 아니지 않나요.. 어차피 좋은 리뷰만 남기고 다 차단할 거면 리뷰가 왜 있는지 모르겠네요 소비자들 기만하는 것 같아요. 도움되라고 리뷰 글 적은 시간만 아깝네요.."
157,Xisoa,2025년 8월 1일,ui가 점점 사용하기 힘듬 카테고리 슬러이드 하려는데 메뉴사진이 슬라이딩 되고 가게상호는 잘보이지 않고 사진만 너무 강조됨 한화면당 노출되는 가게수가 기존보다 너무작아 많은 스크롤과 화면갱신이 많아짐 텍스트보다 이미지 노출이 많아져 데이터 소모량이 증가하는거 아님? 모든사람을 만족시킬수 없으면 ui 스타일을 편집 혹은 선택 할수있게 해주면 좋겠음 배민 서비스보다 ui때문에 사용 안하게될거같음
158,하아암,2025년 8월 11일,업데이트 되고나서 기존에 바로결제로 등록 해뒀던 카드들이 결제가 안ㄷ되고 자꾸 첫화면으로 돌아가고 카드 삭제하고 다시 등록 했는데 계속 ars 인증 하라고 하고 are 인증 네 다섯번이나 했는데 또 하래요 화딱지나서 배민 삭제요 ㅋㅋ 배민클럽 계속 유지 해봤자 손해네요 딱히 혜택도 없고 새벽엔 거의 다 배달팁 줘야 먹을 수 있고 별로에요
159,Edisonus White,2025년 9월 26일,쓰레기임. 배달인원이 없는지 1-2시간 대기는 기본임. 근데 연락이나 안내도 없음. 거기다가 항의할까봐 대부분 채팅문의도 막아놓고 자동응답으로 다 돌려놓음. 전화상담은 불가능하다고 보면됌. 그냥 배달 안잡히면 취소해주고 끝임. 그냥 가게만 손해보는 구조임. 빨리 망했으몈 좋겠고 몇년간 성실한 고객인데 도저히 못참고 탈퇴 삭제할거임.
